-- phpMyAdmin SQL Dump
-- version 5.2.0
-- https://www.phpmyadmin.net/
--
-- Host: 127.0.0.1
-- Generation Time: Nov 11, 2022 at 08:02 PM
-- Server version: 10.4.25-MariaDB
-- PHP Version: 7.4.30

SET SQL_MODE = "NO_AUTO_VALUE_ON_ZERO";
START TRANSACTION;
SET time_zone = "+00:00";


/*!40101 SET @OLD_CHARACTER_SET_CLIENT=@@CHARACTER_SET_CLIENT */;
/*!40101 SET @OLD_CHARACTER_SET_RESULTS=@@CHARACTER_SET_RESULTS */;
/*!40101 SET @OLD_COLLATION_CONNECTION=@@COLLATION_CONNECTION */;
/*!40101 SET NAMES utf8mb4 */;

--
-- Database: `shopsach`
--

-- --------------------------------------------------------

--
-- Table structure for table `book`
--

CREATE TABLE `book` (
  `id` int(14) UNSIGNED NOT NULL,
  `id_madm` int(10) UNSIGNED DEFAULT NULL,
  `image` varchar(255) COLLATE utf8_unicode_ci DEFAULT NULL,
  `tensach` varchar(100) COLLATE utf8_unicode_ci DEFAULT NULL,
  `tacgia` varchar(100) COLLATE utf8_unicode_ci DEFAULT NULL,
  `noidung` text COLLATE utf8_unicode_ci DEFAULT NULL,
  `nxb` varchar(255) COLLATE utf8_unicode_ci DEFAULT NULL,
  `namxb` year(4) DEFAULT NULL,
  `price` float DEFAULT NULL,
  `price_ud` float DEFAULT 0,
  `new` tinyint(4) DEFAULT 0,
  `created_at` timestamp NULL DEFAULT NULL,
  `updated_at` timestamp NULL DEFAULT NULL
) ENGINE=InnoDB DEFAULT CHARSET=utf8 COLLATE=utf8_unicode_ci;

--
-- Dumping data for table `book`
--

INSERT INTO `book` (`id`, `id_madm`, `image`, `tensach`, `tacgia`, `noidung`, `nxb`, `namxb`, `price`, `price_ud`, `new`, `created_at`, `updated_at`) VALUES
(1, 1101, 'Khoa-hoc-quan-tri.jpg', 'KHOA HỌC QUẢN TRỊ', 'GS. TS PHAN HUY Đạo', 'abc', 'NXB Kinh Tế TPHCM', 2007, 328000, 28000, 1, NULL, '2017-10-26 17:08:57'),
(2, 1101, 'zy6R_189789dacnhantambody_2_2mr0gpfamp6f8.jpg', 'QUẢN LÝ NHÀ NƯỚC VỀ KINH TẾ', 'GS. TS PHAN HUY ĐƯỜNG', 'abc', 'NXB Đại Học Quốc Gia Hà Nội', 2006, 79000, 50000, 1, NULL, '2017-10-26 16:59:54'),
(3, 1101, 'nhungvandekinhtevietnam.jpg', 'NHỮNG VẤN ĐỀ KINH TẾ VIỆT NAM', 'TSKH VÕ ĐẠI LƯỢC', 'abc', 'Khoa học Xã hội', 0000, 99000, NULL, 1, NULL, NULL),
(6, 1103, 'chien-luoc-canh-tranh.jpg', 'CHIẾN LƯỢC CẠNH TRANH ', 'MICHAEL E. PORTER\r\nDịch giả: Nguyễn Ngọc Toàn', 'Là 1 trong 3 tác phẩm kinh điển của Michael Porter - “cha đẻ” chiến lược cạnh ', ' NXB Trẻ', 0000, 160000, NULL, 1, NULL, NULL),
(7, 1103, 'quantritruyenthong.jpg', 'QUẢN TRỊ TRUYỀN THÔNG MARKETING TÍCH HỢP ', 'LƯU ĐAN THỌ', 'bla bla bla', 'Nhà Xuất Bản Tài Chính', 0000, 158000, NULL, 1, NULL, NULL),
(8, 1104, 'kiem-tien-thoi-khung-hoang.jpg', 'KIẾM TIỀN THỜI KHỦNG HOẢNG ', 'MARTIN D. WEISS\r\nDịch giả: Nguyễn Ngọc Toàn, Trần Hoàng Anh', 'Có hai cơ hội dành cho bạn', ' Lao Động Xã Hội', 0000, 139000, NULL, 1, NULL, NULL),
(9, 1101, 'the_gioi_cong.jpg', 'THẾ GIỚI CONG', 'DAVID M. SMICK', 'BÌNH LUẬN CỦA CÁC CHUYÊN GIA VỀ CUỐN SÁCH', 'Trẻ', 0000, 120000, NULL, 0, NULL, NULL),
(10, 1101, 'xu-the-chi-tieu-moi.jpg', 'XU THẾ CHI TIÊU MỚI', 'JOHN GERZEMA & MICHAEL DANTONIO', 'Đại khủng hoẳng kinh tế 2008 xuất phát từ Mỹ - thành trì tưởng như kiên cố nhất của nền kinh tế tư bản toàn cầu', 'NXB Thời Đại', 2010, 110000, 0, 1, NULL, '2017-10-30 03:04:45'),
(11, 1101, 'giaimakt.jpg', 'GIẢI MÃ NỀN KINH TẾ TRUNG QUỐC ', 'GREGORY C CHOW', 'Cuốn sách này độc đáo ở chỗ nó phân tích sâu và bao quát tất cả các chủ đề quan trọng nhất của nền kinh tế Trung Quốc bằng một lối viết văn dễ hiểu đối với người ngoại đạo, tuy nhiên cung vẫn đầy thách thức đối với các chuyên gia trong ngành.\r\n\r\n \r\n\r\nMở đầu bằng việc trình bày tình thần kinh doanh đã thúc đẩy những thay đổi kinh tế đầy năng động ở Trung Quốc ngày nay, cuốn sách được chia thành 4 phần lớn để thảo luận về sự phát triển của nền kinh tế Trung Quốc, phân tích những vấn đề kinh tế quan trọng, đề xuất các chính sách kinh tế và bình luận về những vấn đề kinh tế hiện nay của nền kinh tế Mỹ để so sánh với Trung Quốc...\r\n\r\n \r\n\r\nTrong ba mươi năm gần đây, tác giả là cố vấn chỉnh phủ của Trung Quốc về cải tổ kinh tế và các chính sách kinh tế quan trọng. Ông cũng đã tập hợp với Bộ giáo dục để giới thiệu và thúc đẩy sự phát triển của kinh tế học hiện đại ở Trung Quốc, bao gồm việc đào tạo hàng trăm nhà kinh tế học ở Trung Quốc và đưa rất nhiều sinh viên sau đại học đi làm nghiên cứu sinh tiến sĩ kinh tế ở các trường đại học hàng đầu của Mỹ và Canada. Các nghiên cứu sinh này giờ đây đang nắm giữ vai trò quan trọng ở Trung Quốc và Mỹ trong các lĩnh vực Học thuật, kinh doanh hay các cơ quan chính phủ. Các bài viết này, đỉnh cao về chuyên môn của tác giả ở Trung Quốc qua năm thập kỷ, đang được tìm đọc ở khắp nơi tại Trung Quốc.\r\n\r\n \r\n\r\nMỤC LỤC\r\n\r\n \r\n\r\nPHẦN 1: PHÁT TRIỂN KINH TẾ\r\n\r\n \r\n\r\n1. TINH THẦN KINH DOANH THÚC ĐẨY NHỮNG THAY ĐỔI VỀ NỀN KINH TẾ TRUNG QUỐC.\r\n\r\n2. CẢI CÁCH KINH TẾ Ở TRUNG QUỐC: NHÌN LẠI VÀ TRIỂN VỌNG TƯƠNG LAI\r\n\r\n3. ĐIỂM LẠI QUÁ TRÌNH PHÁT TRIỂN KINH TẾ TRUNG QUỐC TRONG 20 NĂM KỂ TỪ 1989\r\n\r\n4. CHÍNH PHỦ TRUNG QUỐC ĐÃ THAY ĐỔI THẾ NÀO KỂ TỪ THẬP NIÊN 1980\r\n\r\n5. TẠI SAO KINH TẾ TRUNG QUỐC LẠI PHÁT TRIỂN NHANH ĐẾN VẬY?\r\n\r\n6. GDP TRUNG QUỐC VƯỢT GDP MỸ VÀO NĂM 2020: SỰ TÁI KHẲNG ĐỊNH MỘT DỰ BÁO TRƯỚC ĐÂY\r\n\r\n7. LỊCH SỬ VÀ NGUỒN VỐN NHÂN LỰC TRUNG QUỐC\r\n\r\n8. TỪ MỘT NƯỚC NHẬN ĐẦU TƯ NƯỚC NGOÀI THÀNH MỘT NƯỚC ĐÂU TƯ RA NƯỚC NGOÀI\r\n\r\n9. TỪ HỌC HỎI ĐẾN CẢI TIẾN KHOA HỌC, CÔNG NGHỆ VÀ GIÁO DỤC\r\n\r\n10. XÃ HỘI TRUNG QUỐC SẼ TIẾP TỤC THAY ĐỔI NHƯ THẾ NÀO?\r\n\r\n \r\n\r\nPHẦN 2: PHÂN TÍCH KINH TẾ\r\n\r\n11. BÀI HỌC THỨ NHẤT VỀ KINH TẾ VĨ MÔ: NHU CẦU GIÁO DỤC Ở TRUNG QUỐC\r\n\r\n12. CUNG VÀ CẦU DỊCH VỤ Y TẾ Ở TRUNG QUỐC\r\n\r\n13. GIÁ NHÀ TẠI KHU VỰC THÀNH THỊ Ở TRUNG QUỐC CÓ ĐƯỢC QUYẾT ĐỊNH BỞI CÁC YẾU TỐ THỊ TRƯỜNG KHÔNG?\r\n\r\n14. MỘT BÀI HỌC KINH TẾ VĨ MÔ: XÁC ĐỊNH TIÊU DÙNG VÀ ĐẦU TƯ\r\n\r\n15. TỈ GIÁ HỐI ĐOÁI, CUNG TIỀN VÀ TÌNH TRẠNG PHÁT TRIỂN QUÁ NÓNG CỦA NỀN KINH TẾ VĨ MÔ TRUNG QUỐC.\r\n\r\n16. SỬ DỤNG LÝ THUYẾT CỦA FRIEDMAN ĐỂ GIẢI THÍCH LẠM PHÁT VÀ SỰ PHÁT TRIỂN QUÁ NÓNG CỦA NỀN KINH TẾ VĨ MÔ TRUNG QUỐC\r\n\r\n17. TRUNG QUỐC CÓ NÊN ĐỊNH GIÁ LẠI NHÂN DÂN TỆ KHÔNG\r\n\r\n18. GIÁ CỔ PHIẾU Ở TRUNG QUỐC ĐƯƠC XÁC ĐỊNH NHƯ THẾ NÀO?\r\n\r\n19. SỰ THAY ĐỔI GIÁ CỔ PHIẾU Ở SÀN GIAO DỊCH CHỨNG KHOÁN THƯỢNG HẢI VÀ NEW YORK LIÊN QUAN ĐẾN NHAU NHƯ THẾ NÀO?\r\n\r\n20. SỰ HIỂU NHẦM VỀ TRUNG QUỐC TRÊN BÁO CHÍ PHƯƠNG TÂY\r\n\r\n21. CÁC SỐ LIỆU THỐNG KÊ CHÍNH THỨC CỦA TRUNG QUỐC CÓ ĐÁNG TIN CẬY KHÔNG?\r\n\r\n22. LIỆU TRUNG QUỐC CÓ XẢY RA LÀM PHÁT NGHIÊM TRỌNG khônG?\r\n\r\n23. LÀM THẾ NÀO ĐƯA NGUYÊN TẮC “TÌM SỰ THẬT TRONG THỰC TIỄN” VÀO THỰC HIỆN\r\n\r\n \r\n\r\nPHẦN 3: CHÍNH SÁCH KINH TẾ\r\n\r\n24. TỪ NGHIÊN CỨU KINH TẾ ĐẾN THAY ĐỔI XÃ HỘI\r\n\r\n25. TRUNG QUỐC ĐÃ GIẢI QUYẾT VẤN ĐỀ DÂN SỐ CHƯA?\r\n\r\n26. VẤN ĐỀ ĐÓI NGHÈO Ở NÔNG THÔN TRUNG QUỐC\r\n\r\n27. TẠI SAO DỊCH VỤ Y TẾ TẠI TRUNG QUỐC LẠI ĐẮT ĐỎ ĐẾN NHƯ VẬY?\r\n\r\n28. CÓ THỂ SỬ DỤNG CÁC CÔNG CỤ KINH TẾ HỌC ĐỂ TÌM HIỂU THAM NHUNG KHÔNG?\r\n\r\n29. LÀM THẾ NÀO ĐỂ GIẢI QUYẾT VẤN ĐỀ BẤT BÌNH ĐẲNG THU NHẬP?\r\n\r\n30. LÀM THẾ NÀO ĐỂ CẢI THIỆN VIỆC QUẢN LÝ Ô NHIỄM CÔNG NGHIỆP Ở TRUNG QUỐC?\r\n\r\n31. KINH NGHIỆM TRUNG QUỐC TRONG VIỆC GIẢI QUYẾT VẤN ĐỀ MÔI TRƯỜNG VÀ NĂNG LƯỢNG\r\n\r\n32. ĐỀ XUẤT QUẢN LÝ LƯỢNG KHÍ THẢI CO2 QUA LIÊN HIỆP QUỐC\r\n\r\n \r\n\r\nPHẦN 4: NHỮNG SUY NGHĨ VỀ KINH TẾ MỸ\r\n\r\n33. MILTON FRIEDMAN - MỘT HỌC GIẢ, MỘT CON NGƯỜI –VÀ TRUNG QUỐC\r\n\r\n34. TRƯỜNG ĐẠI HỌC MỸ KHÁC VỚI TRƯỜNG ĐẠI HỌC TRUNG QUỐC CỦA  NHƯ THẾ NÀO?\r\n\r\n35. ĐIỀU BẠN CẦN BIẾT KHI NỘP ĐƠN VÀO CÁC TRƯỜNG ĐẠI HỌC HÀNG ĐẦU CỦA MỸ\r\n\r\n36. KHỦNG HOẲNG TÀI CHÍNH VÀ NỀN KINH TẾ THẾ GIỚI\r\n\r\n37. NHỮNG THIẾU SÓT CỦA HỆ THỐNG TÀI CHÍNH MỸ LÀ GÌ?\r\n\r\n38. BẢN CHẤT CỦA KHỦNG HOẲNG TÀI CHÍNH MỸ\r\n\r\n39. TẠI SAO OBAMA ĐƯỢC BẦU LÀM TỔNG THỐNG MỸ?\r\n\r\n40. OBAM SẼ ĐẶT RA CÁC CHÍNH SÁCH PHỤC HỒI KINH TẾ NHƯ THẾ NÀO?\r\n\r\n41. CHÍNH PHỦ MỸ CÓ NÊN GIẢI CỨU NGÀNH CÔNG NGHIỆP Ô TÔ?\r\n\r\n42. NIỀM VUI TRONG LỄ NHẬN CHỨC OBAMA\r\n\r\n43. CHÍNH SÁCH KINH TẾ CỦA OBAMA VỀ CÓ BẢN CÓ ĐÚNG KHÔNG?\r\n\r\n44. NHỮNG KHÓ KHĂN LỚN MÀ OBAMA PHẢI ĐỐI MẶT', 'DT Books & NXB Hồng Đức', 0000, 106000, NULL, 0, NULL, NULL),
(12, 1101, 'luat_hop_dong.jpg', 'GIÁO TRÌNH LUẬT HỢP ĐỒNG (DÙNG CHO ĐÀO TẠO SAU ĐẠI HỌC)', 'PGS.TS.Ngô Huy Cương', 'Nói không quá, nhìn từ góc độ pháp lý, cuộc sống của con người trong xã hội được tạo lập nên bởi các hợp đồng. Sắm đồ vật, mua dịch vụ, vay tiền, thuê nhân công, thuê tài chính, nhận lớp học, kết hôn, tham gia vào một hội hay thành lập công ty…đều được xem là hợp đồng…Trong lĩnh vực kinh doanh, rõ ràng tất cả các toan tính làm ăn rốt cuộc đều được thể hiện dưới dạng hợp đồng. Nói cách khách hợp đồng là phương tiện để biến các dự định hoặc kế hoạch kinh doanh trở thành hiện thực.\r\n\r\n \r\n\r\nMỤC LỤC\r\n\r\n \r\n\r\nCHƯƠNG 1: KHÁI NIỆM HỢP ĐỒNG\r\n\r\n \r\n\r\n1. VAI TRÒ VÀ Ý NGHĨA CỦA HỢP ĐỒNG\r\n\r\n \r\n\r\n2. ĐỊNH NGHĨ HỢP ĐỒNG\r\n\r\n \r\n\r\nCHƯƠNG 2: TỰ DO Ý CHÍ – CƠ SỞ TRIẾT HỌC CỦA HỢP ĐỒNG\r\n\r\n \r\n\r\n1. KHÁI NIỆM VÀ NỘI DUNG CỦA TỰ DO Ý CHÍ\r\n\r\n \r\n\r\n2. NHỮNG GIỚI HẠN VÀ HỆ QUẢ CẢU TỰ DO Ý CHÍ\r\n\r\n \r\n\r\n3. Ý NGHĨA CỦA TỰ DO Ý CHÍ\r\n\r\n \r\n\r\nCHƯƠNG 3: NGHĨA VỤ\r\n\r\n \r\n\r\n1. KHÁI NIỆM VÀ ĐẶC ĐIỂM CỦA NGHĨA VỤ\r\n\r\n \r\n\r\n2. NGUỒN GỐC CỦA NGHĨA VỤ VÀ PHÂN LOẠI NGHĨA VỤ\r\n\r\n \r\n\r\n3. HIỆU LỰC CỦA NGHĨA VỤ\r\n\r\n \r\n\r\nCHƯƠNG 4: KHÁI NIỆM, ĐẶC ĐIỂM VÀ CHỨC NĂNG CỦA LUẬT HỢP ĐỒNG\r\n\r\n \r\n\r\n1. KHÁI NIỆM HỢP ĐỒNG\r\n\r\n \r\n\r\n2. ĐẶC ĐIỂM CỦA LUẬT HỢP ĐỒNG\r\n\r\n \r\n\r\n3. CHẮC NĂNG CỦA LUẬT HỢP ĐỒNG\r\n\r\n \r\n\r\nCHƯƠNG 5: CÁC NGUYÊN TẮC CƠ BẢN CỦA LUẬT HỢP ĐỒNG\r\n\r\n \r\n\r\n1. KHÁI QUÁT CHUNG VỀ CÁC NGUYÊN TẮC CỦA LUẬT HỢP ĐỒNG\r\n\r\n \r\n\r\n2. NHỮNG NGUYÊN TẮC CỤ THỂ\r\n\r\n \r\n\r\nCHƯƠNG 6: PHÂN LOẠI HỢP ĐỒNG\r\n\r\n \r\n\r\n1. KHÁI QUÁT CHUNG VỀ PHÂN LOẠI HỢP ĐỒNG\r\n\r\n \r\n\r\n2. MỘT SỐ PHÂN LOẠI HỢP ĐỒNG CỤ THỂ\r\n\r\n \r\n\r\nCHƯƠNG 7: GIAO KẾT HỢP ĐỒNG\r\n\r\n \r\n\r\n1. CÁC THÀNH TỐ CỦA SỰ THỎA THUẬN\r\n\r\n \r\n\r\n2. ĐỀ NGHỊ\r\n\r\n \r\n\r\n3. CHẤP NHẬN\r\n\r\n \r\n\r\n4. ĐẠI DIỆN\r\n\r\n \r\n\r\n5. NỘI DUNG HAY CÁC ĐIỀU KIỆN CỦA HỢP ĐỒNG\r\n\r\n \r\n\r\n6. CÁC ĐIỀU KIỆN CÓ HIỆU LỰC CỦA HỢP ĐỒNG\r\n\r\n \r\n\r\n7. GIAI ĐOẠN TIỀN HỢP ĐỒNG\r\n\r\n \r\n\r\nCHƯƠNG 8: HỢP ĐỒNG VÔ HIỆU\r\n\r\n \r\n\r\n1. CHẾ TÀI VÔ HIỆU HÓA HỢP ĐỒNG\r\n\r\n \r\n\r\n2. GIẢI QUYẾT HỢP ĐỒNG VÔ HIỆU\r\n\r\n \r\n\r\nCHƯƠNG 9: HIỆU LỰC CỦA HỢP ĐỒNG\r\n\r\n \r\n\r\n1. KHÁI NIỆM VỀ HIỆU LỰC CỦA HỢP ĐỒNG\r\n\r\n \r\n\r\n2. CHẤM RỨT HỢP ĐỒNG\r\n\r\n \r\n\r\n3. GIẢI THÍCH HỢP ĐỒNG\r\n\r\n \r\n\r\n4. HỢP ĐỒNG VÌ LỢI ÍCH CỦA NGƯỜI THỨ BA\r\n\r\n \r\n\r\n5. CHẾ TÀI ĐỐI VỚI VI PHẠM HỢP ĐỒNG\r\n\r\n \r\n\r\nLuật hợp đồng là nơi chứa đựng nhiều kỹ thuật pháp lý nhất trong khoa học pháp lý. Do đó việc học tập và nghiên cứu luật hợp đồng thực sự hữu ích cho việc phát triển tư duy pháp lý.\r\n\r\n \r\n\r\nHợp đồng là một phương tiện quan trọng để tạo lập nên đời sống của con người, giúp con người đáp ứng các nhu cầu vật chất và tinh thần của mình thông qua việc trao đổi các sản phẩm, dịch vụ và các lợi ích khác. Nó là một phương thức quan trọng để tổ chức đời sống chung và thúc đẩy kinh tế, xã hội phát triển. Vì vậy các quy định về hợp đồng luôn luôn chiếm đa phần trong các đạo luật thuộc lĩnh vực luật tư.\r\n\r\n \r\n\r\nGiáo trình này sử dụng cho đào tạo sau đại học chuyên ngành luật dân sự và chuyên ngành luật kinh tế, do đó không cung cấp các kiến thức thông thường mà tập trung vào việc cung cấp các kiến thức chuyên sâu, đặc biệt giới thiệu cách tiếp cận nghiên cứu và phương pháp nghiên cứu, đồng thời gợi mở cho người học các hướng nghiên cứu cụ thể.\r\n\r\n \r\n\r\nGiáo trình giúp cho người học có cái nhìn đa chiều và thấy được bức tranh toàn cảnh của luật hợp đồng nói chung từ quá khứ cho tới hiện tại và phần nào mường tượng được bức tranh đó trong tương lai.', 'NXB Đaih Học Quốc gia Hà Nội', 0000, 127000, NULL, 1, NULL, NULL),
(13, 1101, '300_300_phá rào1.jpg', '“PHÁ RÀO” TRONG KINH TẾ VÀO ĐÊM TRƯỚC ĐỔI MỚI - ĐẶNG PHONG', 'ĐẶNG PHONG', 'Hồ Chí Minh: “Bất kỳ người lãnh đạo nào, nếu không học tập nổi những việc thiết thức, những người thiết thực và những bộ phận thiết thực của cấp dưới để rút kinh nghiệm, thì nhất định không biết chỉ đạo chung cho tất cả các bộ phận...”\r\n\r\n \r\n\r\nVõ Chí Công: “Khoán là đúng quá rồi! Các đồng chí đừng sợ chi hết. Nếu khoán có làm cho trời sập thì tôi cũng sẽ xin chịu trách nhiệm cùng các đồng chí.”\r\n\r\n \r\n\r\nVõ Văn Kiệt: “Nếu lo gạo cho cái bao tử của mấy triệu dân thành phố mà Chị phải đi tù vì Phá Giá chỉ đạo thì tôi sẽ mang cơm nuôi chị...”\r\n\r\n \r\n\r\nNguyễn Nhật Hồng, Giám đốc Vietcombank Sài Gò: “Tôi làm như vậy là sai quy chế, nhưng quy chế sai chứ không phải tôi sai. Ở đâu sai, phải sửa ở đó. Quy chế sai thì sửa quy chế. Tại sao lại trị người làm đúng?”\r\nỞ Việt Nam và cả ở nước ngoài, giới nghiên cứu thường coi năm 1986 với Đại hội Đảng lần thứ VI là thời điểm bắt đầu công cuộc Đổi Mới. Trong thực tế, trước đó nhiều năm đã có hàng loạt mũi đột phá can đảm, gian nan, trầy trật, mưu trí, sáng tạo, mà theo cách gọi thời đó là những cuộc “Phá Rào”. Phá Rào tức là vượt qua những hàng rào về quy chế đã lỗi thời để chủ động tháo gỡ nhiều ách tắc trong cuộc sống, đồng thời cũng góp phần từng bước dẹp bỏ hàng loạt rào cản cũ kỹ để mở đường cho công cuộc Đổi mới.\r\n\r\n \r\n\r\nMục tiêu của cuốn sách này là dựng lên một bức tranh sống động, phong phú về những  tìm tòi, tháo gỡ trong thời kỳ “Phá rào” đó.\r\n\r\n \r\n\r\nNói đến phá rào, trước hết cần phải trả lời câu hỏi: Hàng Rào là những gì? Đó chính là thể chế, những nguyên tắc của mô hình  kinh tế kế hoạch hóa tập trung được hình thành ở Liên Xô và sau đó được áp dụng hầu hết các nước Xã hội chủ nghĩa...\r\n\r\n \r\n\r\nRất nhiều biện pháp phá  rào diễn ra ở các đơn vị, các địa phương, rât đa dạng và phong phú về phương pháp, về bước đi, về kết quả và nhất là về những phản ứng dây chuyền dẫn tới những sửa đổi của chính sách...\r\n\r\n \r\n\r\nTrong cuốn sách này, mục đích chính của tác giả chỉ là tôn vinh tinh thần tìm tòi, sáng tạo của những cơ sở, của những con người đã tìm được hướng đi đúng, không những cho cơ sở của mình, mà còn tìm ra hướng đi chung cho cả nền kinh tế...\r\n\r\n \r\n\r\nMỤC LỤC\r\n\r\nLỜI TÁC GIẢ\r\n\r\nPHẦN MỞ ĐẦU: TỪ GIẢI PHÓNG ĐẤT NƯỚC ĐẾN “CỞI TRÓI” CHO SẢN XUẤT\r\n\r\nI. TỪ ĐAI THẮNG ĐẾN ĐẠI HỘI\r\n\r\n1. MÔ HÌNH KINH TẾ TỪ MIỀN BẮC\r\n\r\n2. NHỮNG VÂN HỘI SAU NGÀY GIẢI PHÓNG\r\n\r\n3. HỘI NGHỊ TRUNG ƯƠNG LẦN THỨ 24\r\n\r\n4. ĐAI HỘI ĐẢNG LẦN THỨ IV\r\n\r\nII. THIẾU HỤT, KHỦNG HOẲNG VÀ ÁCH TẮC\r\n\r\nVIỆN TRỢ MỸ ĐƯỢC THAY BẰNG CẤM VẬN CỦA MỸ\r\n2. THIÊN TẠI - ĐỊCH HỌA\r\n\r\n3. VIỆN TRỢ CÁC NƯỚC XÃ HỘI CHỦ NGHĨA CŨNG GIẢM SÚT\r\n\r\n4. LIỆU PHÁP CẢI TẠO\r\n\r\n5. KẾ HOẠCH 5 NĂM 1976 – 1980\r\n\r\n \r\n\r\nPHẦN I: XÍ NGHIỆP “XÉ RÀO” ĐẾN NHÀ NƯỚC SỬA ĐỔI “HÀNG RÀO”\r\n\r\nCHƯƠNG 1: “BUNG RA” VÀ “CỞI TRÓI” TẠI HỘI NGHỊ TRUNG ƯƠNG 6 (1979)\r\n\r\n1. THÔNG BÁO SỐ 10-TB/TW CỦA BỘ CHÍNH TRỊ VÀ NHỮNG BỪNG TỈNH ĐẦU TIÊN VỀ QUAN ĐIỂM KINH TẾ\r\n\r\n2. ĐỘT PHÁ TẠI HỘI NGHỊ TRUNG ƯƠNG 6\r\n\r\nCHƯƠNG 2: XÍ NGHIỆP DỆT THÀNH CÔNG - TỪ “HẤP HỐI” ĐẾN LÀ CỜ ĐẦU\r\n\r\nCHƯƠNG 3: NHÀ MÁY DỆT LỤA NAM ĐỊNH – “LỆ LÀNG” THÀNH “PHÉP VUA”\r\n\r\nCHƯƠNG 4: NHÀ MÁY THUỐC LÁ VĨNH HỘI - MỘT THÁNG BẰNG NỬA NĂM\r\n\r\nCHƯƠNG 5: CƠ CHẾ ĂN CHIA Ở XÍ NGHIỆP ĐÁNH CÁ CÔN ĐẢO – VŨNG TÀU\r\n\r\nCHƯƠNG 6: SEAPRODEX – MÔ HÌNH TỰ CỨU: TỰ CÂN ĐỐI, TỰ TRANG TRẢI, MỞ VÀ HỘI TỤ\r\n\r\nCHƯƠNG 7: KHOÁN Ở CÔNG TY XE KHÁCH MIỀN ĐÔNG THÀNH PHỐ HỒ CHÍ MINH\r\n\r\nPHẦN KẾT I: “SỬA RÀO”\r\n\r\n \r\n\r\nPHẦN II: TỪ TIỂU NÔNG CÁ THỂ LÊN SẢN XUẤT LỚN RỔI VỀ KINH TẾ HỘ\r\n\r\nCHƯƠNG 8: “KHOÁN KIM NGỌC” Ở VĨNH PHÚC\r\n\r\nCHƯƠNG 9: KHOÁN Ở HẢI PHÒNG\r\n\r\nCHƯƠNG 10: CHUYỆN “TÀY ĐÌNH”, NHƯNG TRÓT LỌT - GIẢI THỂ CÁC TẬP ĐOÀN MÁY KÉO Ở AN GIANG\r\n\r\nCHƯƠNG 11: TỪ CHÍNH SÁCH TAM NÔNG Ở AN GIANG ĐẾN NGHỊ QUYẾT 10 CỦA BỘ CHÍNH TRỊ.\r\n\r\nCHƯƠNG 12: KHOÁN Ở NÔNG TRƯỜNG SÔNG HẬU\r\n\r\nTIỂU KẾT PHẦN II\r\n\r\n \r\n\r\nPHẦN III: TỪ “MUA NHƯ CƯỚP, BÁN NHƯ CHO” ĐẾN THUẬN MUA VỪA BÁN\r\n\r\nCHƯƠNG 13: GIÁ – HƠN 20 NĂM ĐẤU TRANH\r\n\r\nCHƯƠNG 14: CÔNG TY LƯƠNG THỰC THÀNH PHỐ HỒ CHÍ MINH DÙNG “XE CỨU ĐÓI” VƯỢT “ĐÈN ĐỎ”\r\n\r\nCHƯƠNG 15: AN GIANG PHÁI GIÁ MUA LÚA, LÀM RUNG CHUYỂN HỆ THỐNG “GIÁ CHỈ ĐẠO”\r\n\r\nCHƯƠNG 16: LONG AN BỎ TEM PHIẾU, CHUYỂN SANG CƠ CHẾ MỘT GIÁ\r\n\r\nCHƯƠNG 17: TỪ KHO BẠC AN GIANG ĐẾN HỆ THỐNG KHO BẠC CẢ NƯỚC\r\n\r\nTIỂU KẾT PHẦN III\r\n\r\n \r\n\r\nPHẦN IV: TỪ ĐỘC QUYỀN NGOẠI THƯƠNG CỦA TRUNG ƯƠNG ĐẾN NHỮNG “RỪNG” IMEX\r\n\r\nCHƯƠNG 18: NHỮNG ĐƯỜNG DÂY BUÔN BÁN TƯ NHÂN VỚI NƯỚC NGOÀI\r\n\r\nCHƯƠNG 19: CÁC”IMEX”\r\n\r\nCHƯƠNG 20: VIETCOMBANK - NGƯỜI “TIẾP TAY”\r\n\r\nTIỂU KẾT PHẦN IV\r\n\r\n \r\n\r\nTHAY KẾT LUẬN\r\n\r\nNHỮN BÀI HỌC LỊCH SỬ TỪ NHỮNG MŨI ĐỘT PHÁ\r\n\r\n1. “XẢ LŨ” CHỨ KHÔNG “VỠ BỜ”\r\n\r\n2. SỨC SỐNG CỦA KINH TẾ THỊ TRƯỜNG\r\n\r\n3. BẮT ĐẦU TỪ CUỘ SỐNG, TỪ DÂN, TỪ DƯỚI LÊN\r\n\r\n4. NHỮNG ĐIỂM TỰA LỊCH SỬ\r\n\r\n5. TỪ MÂU THUẪN ĐẾN ĐỒNG THUẬN\r\n\r\n6. VỪA ĐI VỪA MỞ ĐƯỜNG\r\n\r\n7. HỆ QUẢ HAI MẶT\r\n\r\n8. TỔNG QUAN VỀ LỘ TRÌNH\r\n\r\n9. SO SÁNH QUỐC TẾ', 'NXB Tri Thức', 0000, 145000, NULL, 0, NULL, NULL),
(14, 1102, 'lanh-dao-nhung-ly-thuyet-nen-tang-va-nhung-tinh-huong-lanh-dao-duong.jpg', 'LÃNH ĐẠO: NHỮNG LÝ THUYẾT NỀN TẢNG VÀ TÌNH HUỐNG LÃNH ĐẠO ĐƯƠNG ĐẠI.', 'Nhiều Tác Giả', 'Lãnh đạo: Những lý thuyết nền tảng và tình huống lãnh đạo đương đại cung cấp cho những nhà lãnh đạo tương lai, những người khát khao trở thành lãnh đạo và những người đang là lãnh đạo những lý thuyết nền tảng và nâng cao về nghệ thuật lãnh đạo hiện đại, cách xử lý những tình huống nan giải và những vấn đề đang thách thức tổ chức hiện nay..\r\n\r\n \r\n\r\nCuốn sách cũng cung cấp những câu chuyện tình huống về cách nhà lãnh đạo tài ba, làm thay đổi nền kinh tế thế giới như Roberto Goizueta, chủ tịch tập đoàn Coca-Cola; Lee Iacocca, người vực dậy tập đoàn xe hơi Chrysler; Henry Ford, cha đẻ của tập đoàn xe hơi Ford Motor, ban cạnh đó còn tự hào kể ra những vị lãnh đạo nổi bật của Việt Nam như PGS.TS Trương Gia Bình, chủ tịch tập đoàn FPT; Luật sư Trịnh Văn Quyết, Chủ tịch tập đoàn FLC hay Ông Phạm Nhật Vương chủ tịch Vingroup…cuốn sách này giúp độc giả có cái nhìn thấu đáo và sâu sắc hơn về những nhà lãnh đạo đường thời.\r\n\r\n \r\n\r\n \r\n\r\n \r\n\r\nMỤC LỤC\r\n\r\n \r\n\r\nPHẦN 1: NHỮNG LÝ THUYẾT NỀN TẢNG\r\n\r\n \r\n\r\nCHƯƠNG 1: LÃNH ĐẠO VÀ SỰ KHÁC BIỆT\r\n\r\n \r\n\r\nCHƯƠNG 2: KHỐI ÓC VÀ TRÁI TIM CỦA LÃNH ĐẠO\r\n\r\n \r\n\r\nCHƯƠNG 3: PHẨM CHẤT CÁ NHÂN LÃNH ĐẠO VÀ TƯ DUY RA QUYẾT ĐỊNH QUẢN TRỊ\r\n\r\n \r\n\r\nCHƯƠNG 4: TẦM NHÌN VÀ ĐỊNH HƯỚNG CHIẾN LƯỢC\r\n\r\n \r\n\r\nCHƯƠNG 5: TẬP HỢP VÀ TỔ CHỨC CON NGƯỜI\r\n\r\n \r\n\r\nCHƯƠNG 6: LÃNH ĐẠO KẾT NỐI\r\n\r\n \r\n\r\nCHƯƠNG 7: VĂN HÓA TỔ CHỨC – PHẦN MỀM TƯ DUY\r\n\r\n \r\n\r\nCHƯƠNG 8: LÃNH ĐẠO SỰ THAY ĐỔI\r\n\r\n \r\n\r\nPHẦN 2: TÌNH HUỐNG LÃNH ĐẠO ĐƯƠNG ĐẠI\r\n\r\n \r\n\r\nROBERTO GOIZUET: NGƯỜI ĐÁNH THỨC NHỮNG GIẤC MƠ NGƯỜI MỸ\r\n\r\n \r\n\r\nLEE IACOCCA: NGƯỜI VỰC DẬY TẬP ĐOÀN XE HƠI CHRYSLE\r\n\r\n \r\n\r\nC. MICHAEL HARPER: SỰ ĐI LÊN NGOẠN MỤC TỪ TRIẾT LÝ CONAGRA\r\n\r\n \r\n\r\nHERB KELLEHER: NHÀ LÃNH ĐẠO HẤP DẪN\r\n\r\n \r\n\r\nHENRY FORD: SỰ VĨ ĐẠI TỪ TẦM NHÌN CỦA HENRY FORD\r\n\r\n \r\n\r\n* CÂU CHUYỆN VỀ TỶ PHÚ PHẠM NHẬT VƯỢNG\r\n\r\n \r\n\r\n* 4 CÂU CHUYỆN ĐẶC BIỆT VỀ BỘ ĐÔI QUYỀN LỰC NHẤT VIETTEL\r\n\r\n \r\n\r\n* NHỮNG QUYẾT ĐỊNH LỊCH SỬ CỦA BÀ MAI KIỂU LIÊN\r\n\r\n \r\n\r\n \r\n\r\nLỜI GIỚI THIỆU CỦA ÔNG TRƯƠNG GIA BÌNH – CHỦ TÍCH FPT\r\n\r\n \r\n\r\n \r\n\r\nLãnh đạo nên đi trước hay lãnh đạo là người nên đi sau ? Một câu hỏi thực sự đi vào bản chất của lãnh đạo.\r\n\r\n \r\n\r\nChúng tôi nhận thấy rằng, có rất nhiều quan điểm đưa ra để trả lời câu hỏi này, nó thường gắn liền với phong cách của một nhà lãnh đạo. Tuy nhiên, với tư cách là những giảng viên và những người đã thành đạt trong kinh doanh, chúng tôi nhận thấy rằng, những nhà lãnh đạo có tư tưởng đổi mới mà chúng tôi thường gặp, họ hay dẫn dắt từ phía sau nhiều hơn với phong cách dẫn dắt từ phía trước mà chúng ta hay nghe, hay đọc.\r\n\r\n \r\n\r\nTổng thống Nelson Mandela của đất nước Nam Phi, một nhà sáng tạo xã hội hàng đầu, đã mô tả sự dẫn dắt từ phía sau khi nhớ lại cách ông dẫn dắt bộ tộc của ông: \"một nhà lãnh đạo. . . giống như một người chăn đàn cừu, anh ở lại phía sau đàn, để cho những con nhanh nhẹn nhất đi ra phía trước, sau đó những con khác làm theo mà không nhận ra rằng tất cả cùng chúng được chỉ đạo từ phía sau.” Đây cũng là một hình ảnh ẩn dụ đã xuất hiện trong Kinh Thánh khi Đức Jesus mô tả nhà lãnh đạo giống như một “người chăn chiên tốt lành.” Và Người đã từng nói, “con chiên Ta thì nghe tiếng Ta, Ta biết chúng và chúng theo Ta.”\r\n\r\n \r\n\r\nHình ảnh người chăn cừu này là hiện thân của loại lãnh đạo chúng ta đang cần. Chúng ta cần những nhà lãnh đạo nhìn nhận vai trò chủ yếu của họ là tạo ra một thế giới hoặc môi trường làm việc trong đó người khác có thể chia sẻ tài năng đa dạng của mình và nhận ra tiềm năng của chính mình cho hạnh phúc của cả nhóm hay tổ chức. Nó là một sự thừa nhận rằng sự lãnh đạo, giống như một sự hợp tác thiết kế, là một hoạt động tập thể trong đó những người khác nhau ở thời gian khác nhau tùy thuộc vào năng lực của họ hoặc là sự nhạy bén đi về phía trước để di chuyển nhóm trong hướng nó cần phải đi. Nó cũng gợi ý về sự linh hoạt của một nhóm để không cần phải chờ đợi và sau đó phản ứng với một mệnh lệnh từ phía trước.\r\n\r\n \r\n\r\nVà từ đó chúng ta cũng nhận ra rằng, lãnh đạo không phải là những con người toàn tài, anh ta có thể làm được tất cả mọi việc để từ đó dẫn dắt người khác theo, mà ngược lại, lãnh đạo không phải là người giỏi tất cả, thậm chí chính điểm yếu của họ mới làm họ trở thành lãnh đạo. Chúng ta đều công nhận một điều rằng, tất cả mọi người ai cũng muốn được cống hiến, được cơ hội thể hiện năng lực bản thân và được ghi nhận thành quả của mình trong việc đóng góp cho tổ chức. Và nếu họ phải làm việc trong một tổ chức mà lãnh đạo của họ giỏi tất cả mọi việc, thì lấy cơ hội nào để chúng ta có thể cống hiến. Hơn nữa, chúng ta cũng nên nhân cơ hội này để nhấn mạnh rằng dẫn dắt từ phía sau không phải là việc bãi bỏ trách nhiệm. Sau khi tất cả, những người chăn cừu chắc chắn rằng cả đàn vẫn cùng nhau. Anh ấy sử dụng cây gậy của mình để đánh vào cùi trỏ và thúc giục nếu những con trong đàn đi lạc quá xa hoặc vào nơi nguy hiểm. Như chúng ta đã thấy trước đó, giải thoát và khai thác các đặc điểm thiên tài và đam mê của cá nhân khác nhau là công việc rất tinh tế và khó khăn. Trong khi có đa dạng rất nhiều mẫu nghiên cứu khác nhau, các nhà lãnh đạo mà chúng tôi đã gặp và nghiên cứu chia sẻ một tập hợp các đặc điểm chung đáng xem xét. Điều thú vị là, những phẩm chất này đôi khi mâu thuẫn với khái niệm thông thường của các nhà lãnh đạo về việc một nhà lãnh đạo hiệu quả là như thế nào.\r\n\r\n \r\n\r\nHơn nữa, chúng ta đang sống trong một thế giới đầy biến động và một môi trường kinh doanh đang thay đổi nhanh chóng, các nhà lãnh đạo doanh nghiệp thường phải đối mặt với thách thức để đáp ứng và thích nghi với những yêu cầu của thị trường chuyên nghiệp, toàn cầu hóa và nó đòi hỏi các nhà lãnh đạo phải luôn đưa ra được những quyết định tức thì cũng như hướng đi chiến lược. Đó là những quyết định mang tính quyết đoán và chuẩn xác. Khi những nhà lãnh đạo có thể định hướng được xu thế của thị trường và nắm bắt được cơ hội kinh doanh trong xu thế quốc tế hóa thì doanh nghiệp đó sẽ giành phần thắng. Trước tốc độ thay đổi chóng mặt như vậy đòi hỏi kỹ năng lãnh đạo tốt hơn, cũng như việc không ngừng nâng cao các kỹ năng khác nơi những người khoác lên mình trọng trách lãnh đạo.\r\n\r\n \r\n\r\nKhi đất nước đang trong thời kỳ hội nhập và đặc biệt khi chúng ta đã tham gia vào thị trường chung thế giới, những nhà lãnh đạo sẽ phải học cách quản lý các đội ngũ sản xuất, marketing và bán hàng toàn cầu để đạt được lợi thế cạnh tranh. Để làm được điều đó, nhà lãnh đạo phải có năng lực tri thức và lãnh đạo phù hợp với tất cả các khu vực trên toàn cầu. Chỉ có một số ít khác biệt giữa các vùng trong mô tả cơ bản về khả năng lãnh đạo, dẫn đến sự ủng hộ cho quan điểm của thế giới về “ngôi làng toàn cầu”. Quan điểm “tổ quốc là trung tâm” sẽ không còn chính xác nữa. Hầu như các nhà lãnh đạo toàn cầu sẽ sinh sống, hay ít nhất thì cũng dành lượng thời gian đáng kể tại những khu vực khác nhau trên thế giới.\r\n\r\n \r\n\r\nBên cạnh đó, công nghệ mới là một yếu tố khác khiến cho cách suy nghĩ mang tính toàn cầu trở nên thiết yếu đối với các nhà lãnh đạo trong thời kỳ hội nhập. Công nghệ mới sẽ tạo điều kiện cho việc xuất khẩu nhân viên văn phòng đến khắp các quốc gia, khu vực trên thế giới trở nên khả thi. Những lập trình viên ở Ấn Độ sẽ tiếp xúc với các nhà thiết kế ở Ý để giúp phát triển các sản phẩm vốn sẽ được sản xuất tại Inđônêxia và được bán tại Braxin. Công nghệ có thể giúp phá bỏ những rào cản đối với công việc kinh doanh toàn cầu. Những nhà lãnh đạo có thể khiến toàn cầu hóa mang lại lợi ích cho họ sẽ có một lợi thế cạnh tranh vô cùng lớn.\r\n\r\n \r\n\r\nĐứng trước những thời cơ và thách thức ấy, những nhà lãnh đạo trong thời kỳ hội nhập vẫn mang trong mình những tố chất bất biến hun đúc nên một nhà lãnh đạo trong đó có những tố chất như sự đam mê, khả năng chia sẻ, sự quyết đoán trong hành động. Bất kỳ ai trong số họ cũng muốn tạo dựng một sự thay đổi tốt đẹp cho cá nhân mình cũng như cho những người xung quanh.\r\n\r\n \r\n\r\nThêm vào đó, khát vọng đưa đất nước phát triển thông qua con đường phát triển doanh nghiệp, lấy lực lượng doanh nhân làm nòng cốt thì phát triển năng lực lãnh đạo của mỗi cá nhân doanh nhân là một nỗ lực bền bỉ và không ngừng. Cuốn sách giáo trình, Lãnh đạo: Những lý thuyết nền tảng và tình huống lãnh đạo đương đại là cuốn sách được chắt lọc từ những tư tưởng, những kinh nghiệm lãnh đạo của rất nhiều những người đã dành nhiều năm nghiên cứu và thực thi sứ vụ lãnh đạo sẽ cung cấp cho những nhà lãnh đạo tương lai, những người khát khao trở thành lãnh đạo, những người đang là lãnh đạo và những nhà lãnh đạo kỳ cựu, những lý thuyết nền tảng và nâng cao về nghệ thuật lãnh đạo hiện đại, cách xử lý những tình huống nan giải và những vấn đề đang thách thức tổ chức hiện nay. Thêm vào đó cuốn sách tập trung làm rõ cách giải quyết những vấn đề quan trọng của tổ chức như cách dùng người, tập hợp được đội ngũ nhân sự tốt đáp ứng yêu cầu công việc, cách kết nối con người nhằm mang tới hiệu quả tối ưu, bên cạnh đó là yêu cầu hình thành nên bản sắc văn hóa cho doanh nghiệp và sự đổi mới thường xuyên trên cơ sở kế hoạch tầm nhìn chiến lược để thích ứng với thời cuộc. Giáo trình bao gồm 2 phần được chia thành 8 chương và những tình huống lãnh đạo đương đại.\r\n\r\n ', ' NXB Đại Học Kinh Tế Quốc Dân', 0000, 326000, NULL, 1, NULL, NULL),
(15, 1102, 'BIA_SACH_KE_TOAN.jpg', 'SÁCH KẾ TOÁN DÀNH CHO GIÁM ĐỐC - LÀM THẾ NÀO ĐỌC VỊ KẾ TOÁN CỦA BẠN', 'Nhật Chí Nhân', 'CHÀO MỪNG BẠN ĐÃ TÌM ĐÚNG ĐỊA CHỈ CUNG CẤP NHỮNG THÔNG TIN VÀ KIẾN THỨC KẾ TOÁN DÀNH RIÊNG CHO GIÁM ĐỐC VÀ CHỦ DOANH NGHIỆP.\r\n\r\nBạn là giám đốc doanh nghiệp, chủ doanh nghiệp hay người mới khởi nghiệp chắc hẳn bạn đang gặp khó khăn để hiểu hệ thống kế toán, ngôn ngữ  kế toán trong quản lý, kiểm soát và điều hành doanh nghiệp của mình.\r\n\r\nBạn thân mến, ngôn ngữ kế toán là ngôn ngữ của kinh doanh mà bất cứ người chủ doanh nghiệp nào cũng cần phải nắm được. Bởi nếu người lãnh đạo doanh nghiệp không nhìn rõ tổng thể bản chất hệ thống kế toán của chính doanh nghiệp mình vận hành như thế nào sẽ không thể điều hành doanh nghiệp có hiệu quả.\r\n\r\nHiện nay hầu hết các chủ doanh nghiệp tại Việt Nam chưa thực sự hiểu rõ hệ thống kế toán của chính mình. Điều này dẫn đến rất nhiều hệ quả và rủi ro như sau:\r\n\r\n- Không kiểm soát được hệ thống kế toán và hiểu ngôn ngữ kế toán theo cách của chủ doanh nghiệp, không hiểu được “Báo cáo tài chính doanh nghiệp” dẫn đến không biết được chính xác lỗ lãi, tài sản, nguồn vốn của doanh nghiệp chính xác như thế nào, không quản trị và kiểm soát được doanh nghiệp.\r\n\r\n- Bị thất thoát tài sản, lãng phí các chi phí không cần thiết, ra các quyết định sai do không hiều được các con số của kế toán để ra quyết định.\r\n\r\n- Quá phụ thuộc vào kế toán, không biết đúng hay sai dẫn đến mất quyền kiểm soát từ chính doanh nghiệp của mình.\r\n\r\n- Các thành viên sáng lập và cổ đông không cùng hiểu biết về hệ thống kế toán dẫn đến không minh bạch, hiểu lầm dẫn đến rút vốn hoặc mâu thuẫn.\r\n\r\n- Không biết tiền đi về đâu mặc dù doanh thu lớn vì không có được kiến thức thông minh tài chính để quản trị doanh nghiệp.\r\n\r\n- Bị rối trong một mớ hỗn độn vì không định hình được tương lai do không đo lường được chính xác các nguồn lực và hiệu quả sử dụng các nguồn lực của doanh nghiệp trong hiện tại. Không kiểm soát được chính xác các nguồn lực của doanh nghiệp.\r\n\r\n- Bị phạt và rủi ro rất lớn khi bị thanh tra và kiểm tra thuế vì không làm chuẩn và chuyên nghiệp kế toán ngay từ đầu.\r\n\r\nBạn thân mến, nếu bạn gặp phải một trong những vấn đề trên thì đó là những vấn đề của hầu hết các doanh nghiệp Việt Nam.\r\n\r\nĐể giải quyết vấn đề trên cho các doanh nghiệp Việt Nam, từ chính kinh nghiệm của bản thân tôi viết cuốn sách “Làm thế nào đọc vị ngôn ngữ kế toán của bạn? Bí quyết dễ dàng hiểu ngôn ngữ kế toán dành riêng cho giám đốc và chủ doanh nghiệp” mục đích giúp bạn hiểu rõ bản chất sự vận hành của toàn bộ hệ thống kế toán trong doanh nghiệp của bạn. Giúp bạn nắm rõ hệ thống kế toán một cách đơn giản và dễ dàng, tránh khỏi những rủi ro trên.', 'NXB Trẻ', 0000, 495000, NULL, 0, NULL, NULL),
(16, 1102, 'vungloinhuan.jpg', 'VÙNG LỢI NHUẬN - LÀM THẾ NÀO XÁC ĐỊNH ĐƯỢC VÙNG LỢI NHUẬN TRONG CHIÊN LƯỢC KINH DOANH CỦA BẠN', ' Adrian J. Slywotzky - David J. Morrison ', 'Trong những năm cuốn “Vùng Lợi Nhuận” được xuất bản và phát hành, việc tìm kiếm lợi nhuận đã trở thành vấn đề quan trọng hơn bao giờ hết. Sự thống soái của Internet  hay của dòng vốn đầu tư mạo hiểm cũng như cường độ của thị trường cổ phiếu  đã tạo ra nhiều mô hình kinh doanh ngớ ngẩn. Các yếu tố này đã làm nảy sinh nhu cầu tạo ra quy  tắc tái tạo mô hình kinh doanh mà chúng tôi sẽ giới thiệu trong cuốn sách này.\r\n\r\nHãy nhìn vào một ngành công nghiệp để thấy rằng, có một điểu rõ ràng là sự tăng trưởng kinh doanh truyền thống lấy sản phẩm làm trọng tâm và được xây dựng dựa trên cơ sở của nền sản xuất giờ đây đã không còn đất sống. Giở đây, chúng ta đang chứng kiến sự xáo động trên thị trường chứng khoán vốn đã và đang gây ra những kỳ vọng phi lý của trào lưu dot.com. Nhưng xáo động này  bắt buộc hàng triệu nhà quản lý và các nhà đầu tư phải nhận ra sự thất bại của nhiều công ty nhằm phát triển các kế hoạch dài hạn cũng như tăng trưởng bền vững. Thậm trí trước khi thị trường xuống dốc, các công ty vang bóng một thời theo kiểu lấy sản phẩm làm trọng tâm đã trở lên loạng choạng. Trong thời gian này, các công ty như Gillette, Polaroid, Lucent, P&G, Maytag cũng như nhiều hãng tên tuổi khác đã mất đi 40-60% giá trị thị trường của mình....\r\n\r\nNói tóm lại, sự hiện diện của vùng không lợi nhuận mà chúng tôi đã cảnh báo trong cuốn Vùng Lợi Nhuận này đã lan rộng ở mức độ toàn cầu, nhần chìm hàng nghìn công ty từ lĩnh vực hàng tiêu dùng, sản xuất xe hơi, viễn thông cho đến Internet.\r\n\r\nGiờ đây chúng ta đang hướng đến một khả năng thực tế rằng, thập kỷ tiếp theo sẽ là một giai đoạn được duy trì liên tục của lợi nhuận thấp, tăng trưởng chậm cho hàng nghìn doanh nghiệp – nhưng đơn vị không hiểu được lợi nhuận của tương lai sẽ có được từ đâu và làm thế nào để tái tạo lại mô hình kinh doanh cổ xưa theo cách phù hợp hơn và sáng tạo hơn..\r\n\r\nBước đầu tiên mà bất cứ một nhà lãnh đạo doanh  nghiệp nào cũng cần phải trả lời được các câu hỏi sau:\r\n\r\nLàm thế nào mà lợi nhuận sẽ đến với doanh nghiệp tôi?\r\n\r\nLàm thế nào để có lợi nhuận trong tương lại dự đoán được\r\n\r\nAi là khách hàng đáng giá nhất của tôi?\r\n\r\nCác nhu cầu ưu tiên của họ là gì?\r\n\r\nTôi phải tái tạo mô hình kinh doanh của mình như thế nào để nắm bắt được lợi thế thế trong mô hình kinh doanh mới lấy lợi nhuận và khách hàng làm trọng tâm?\r\n\r\nMặc dù các doanh nghiệp đều  phải đổi mặt với các vấn đề này song câu trả lời lại rất đa dạng. Trong Vùng Lợi Nhuận, chúng tôi đưa ra phân tích của mình về các trải nghiệm của các doanh nghiệp thành đạt trong những năm gần đây. Nhưng trải nghiệm này sẽ là cẩm nang giúp bạn tìm ra câu trả lời cho mô hình kinh doanh của công ty bạn trong tương lai.', 'NXB Tổng Hợp TPHCM', 0000, 200000, NULL, 0, NULL, NULL),
(17, 1102, 'van_hoa_va_chu_nghia.jpg', 'VĂN HÒA VÀ CHỦ NGHĨA BÁ QUYỀN ', 'Edward Wadle Said ', '“Edward Wadle Said giúp chúng ta hiểu mình là ai và buộc phải làm gì nếu muốn hy vọng trở thành những tác nhân đạo đức chứ không phải phương tiện phục vụ quyền lực” NOAM CHOMSKY\r\n\r\n \r\n\r\n“Edward Wadle Said là một ví dụ hiếm hoi về một học giả Mĩ đồng thời là một trí thức theo cách hiểu của Châu Âu.. ở Ông có sự kết hợp xuất sắc và độc đáo giữa học giả, nhà mĩ học và nhà hoạt động chính trị, ông là một tấm gương truyền cảm hứng cho một thế hệ những nhà phê bình trẻ tuổi đang tìm lại bản nguyên văn hóa của chính mình... Văn hóa và chủ nghĩa bá quyền có tính thời sự cấp bách, đầy sức thuyết phục hiếm thấy ở những cuốn sách của các nhà phê bình văn học” CAMILLE PAGLIA – Washington Post', 'NXB Tri Thức', 0000, 195000, NULL, 1, NULL, NULL),
(18, 1102, 'cover_l.jpg', 'ÍT HÓA NHIỀU - CÁC DOANH NGHIỆP VĨ ĐẠI BIẾN NĂNG SUÂT THÀNH LỢI THẾ CẠNH TRANH NHƯ THẾ NÀO?', 'Jason Jennings', 'Từ trước đến nay, năng xuất cao đích thực luôn là thứ bí quyết mà chỉ một số ít công ty nắm giữ được - những công ty vĩ đại. Chỉ có họ mới làm được một điều tưởng như không thể: Từ ít, hóa nhiều! họ có thể không đứng đầu về quy mô, họ có thể không thuộc nhóm những công ty có khối tài sản lớn nhất, nhưng khi nói đến Năng Suất, không ai có thể qua mặt họ. Vì năng suất không phải là cuộc chơi dành cho tất cả!\r\n\r\n \r\n\r\nLẽ tất nhiên, điều này đã khiến không ít công ty với tiềm lực khổng lồ và chiến lược không ngoan đặt ra mục tiêu chinh phục năng suất cao thật sự, trong đó có cả những công ty đạt quy mô toàn cầu hay các hãng dịch vụ đại diện cho cả quốc gia. Song, đa số đều vướng phải những cái bẫy thường gặp như không thể thoát khỏi cơ chế quan liêu, vỗi vã cắt giảm nhân sự khi kinh tế khó khăn hay vơ vội những chiến thuật và công nghệ tiên tiến nhất. Tuy nhiên, tất cả đều không phải chìa khóa giải đáp vấn đề hoc búa này.\r\n\r\n \r\n\r\nChìa khóa này cũng chính là chủ đề của cuốn sách Ít hóa nhiều, một cuốn sách phải đọc dành cho những doanh chủ thực sự quan tâm đến năng suất, thực sự muốn làm được làm ít được nhiều. ..\r\n\r\n \r\n\r\nMột công ty nội thất để mặc khách hàng từ lắp giáp và vận chuyển các bộ phận. Một hãng hàng  không nhất quyết không đính kèm dịch vụ nhằm giữ nguyên giá vé rẻ. một công ty thép rút ngắn thời gian sản xuất nhanh gấp mười lần mà không đầu tư quá nhiều cho công nghệ...Nghe có vẻ quá vô lý nhưng đó chính là lý do giúp họ biến ít thành nhiều, và trở thành hình mẫu đáng thèm khát trong mắt đối thủ cạnh tranh.\r\n\r\n ', 'NXB Đại học kinh tế quốc dân', 0000, 109000, NULL, 0, NULL, NULL),
(19, 1102, 'lanh-dao-cac-khu-vuc-cong-sachdoanhnhan-1.jpg', 'LÃNH ĐẠO CÁC KHU VỰC CÔNG', ' GS. TS. PHAN HUY ĐƯỜNG', 'Lãnh đạo là một thành tố của khối kiến thức khoa học xã hội - nhân văn. Nói khoa học xã hội - nhân văn là nói đến việc nghiên cứu các vấn đề xã hội, các vấn đề con người, nghiên cứu quan hệ giữa những con người trong các hoạt động lao động sáng tạo ra của cải vật chất và tạo ra các giá trị tinh thần, giá trị phi vật thể cho con người, cho cộng đồng xã hội. Lãnh đạo không đứng ngoài nhiệm vụ đó. Song cách tiếp cận nghiên cứu của lãnh đạo có những sắc thái riêng. Lãnh đạo, thực chất là hoạt động hướng đích, gây ảnh hưởng, dẫn dắt cộng đồng người của tổ chức, của đơn vị đạt mục tiêu đã định. Do vậy, môn khoa học lãnh đạo nghiên cứu phương thức, cách thức dẫn dắt, phong cách, nghệ thuật tác động đến các quan hệ giữa người với người trên con đường đi tới đích của cộng đồng người trong khu vực công có hiệu quả cao.\r\n\r\n \r\n\r\nKhu vực công Việt Nam hiện tại đang phải “vật lộn” với nhiều khó khăn trong việc tìm ra các giải pháp tổng thể và cụ thể cho việc phát triển khu vực công, trong đó một nội dung quan trọng là cải cách tổ chức và nâng cao năng lực của cán bộ, công chức. Muốn làm được việc này, vai trò của lãnh đạo trong khu vực công là tối quan trọng. Trong thời gian tới, cá nhân lãnh đạo khu vực công cần định hướng vào một số vấn đề sau:\r\n\r\n1. Thay đổi cung cách quản lý công chức, viên chức\r\n\r\n2. Xác lập kế hoạch công việc theo đúng định hướng của các khuc vực công, phân công công việc thật sự khoa học trong nội bộ tổ chức.\r\n\r\n3. Theo sát, điều chỉnh tiến trình thực thi và chất lượng hiệu quả công việc\r\n\r\n4. Đổi mới phương thức đánh giá, nhận xét công chức, viên chức dưới quyền.\r\n\r\n \r\n\r\nCuốn sách Lãnh đạo các khu vực công giúp chúng ta hiểu rõ bản chất công việc, các phẩm chất cần hội tụ đủ của nhà lãnh đạo hiệu quả; đồng htowif phân tích, so sánh, đánh giá, chọn lọc, kế thừa và tiếp thu tinh hoa tri thức của nhân loại về khoa học lãnh đạo trong hoạt động nghiên cứu cũng như thực tiễn lãnh đạo, ở các cấp độ vĩ mô và vi mô, trong điều kiện Việt Nam ngày càng hội nhập sâu rộng và toàn diện vào nền kinh tế toàn cầu.', 'NXB Đại Học Quốc Gia Hà Nội', 0000, 89000, NULL, 0, NULL, NULL),
(20, 1102, 'doanh-nhan-va-van-hoa-doanh-nhan-viet-nam-sachdoanhnhan-1.jpg', 'DOANH NHÂN VÀ VĂN HÓA DOANH NHÂN VIỆT NAM ', 'NGUYỄN VIẾT LỘC', 'Cùng với sự phát triển của cộng đồng doanh nhân trong nền kinh tế thị trường ở Việt Nam thời kỳ đổi mới và hội nhập thì doanh nhân và văn hóa doanh nhân được quan tâm và đề cập ở nhiều công trình nghiên cứu, bài viết. Mỗi nghiên cứu, bài viết đã phân tích các chiều cạnh khác nhau về doanh nhân; đối với văn hóa doanh nhân thuognwf được nghiên cứu ở góc độ đặc tính, hành vi ứng xử văn hóa của một tầng lớp xã hội hoặc hệ điều tiết giá trị đối với một nhóm lợi ích thường có khuynh hướng tốt đa hóa lợi nhuận. Các nghiên cứu tiếp cận từ góc độ văn nghề nghiệp của doanh nhân rất ít ỏi về số lượng và còn nhiều quan điểm trái ngược nhau từ khái niệm đến xác định các yếu tố cấu thành, khả năng mô hình hóa… Đặc biệt chưa có tác giả nào tiếp cận nghiên cứu văn hóa doanh nhân Việt nam dưới góc độ là hệ giá trị văn hóa nghề nghiệp một cách có hệ thống.\r\n\r\n \r\n\r\nCuốn sách Doanh nhân và Văn hóa doanh nhân Việt Nam bước đầu đưa ra cách tiếp cận mới về nhận diện doanh nhân và văn hóa doanh nhân; từ đó giới thiệu mô hình văn hóa doanh nhân Việt Nam theo cách tiếp cận hệ giá trị văn hóa như là một khung lý thuyết làm công cụ nghiên cứu và xây dựng giải pháp cho phát triển văn hóa doanh nhân Việt Nam bối cảnh đổi mới và hội nhập quốc tế ngày nay.', ' NXB Đại Học Quốc Gia Hà Nội', 0000, 119000, NULL, 1, NULL, NULL),
(21, 1102, 'khongcobuaanmienphi.jpg', 'KHÔNG CÓ BỮA ĂN NÀO MIỄN PHÍ ', 'ALAN PHAN', 'Tiến sĩ Alan Phan là người bạn lớn, bạn tốt, bạn chân thành của tôi. Cũng theo quy luật của trời đất “đồng thanh tương ứng, đồng khí tương cầu”, chúng tôi gặp nhau và trở thành bạn. Tôi biết ơn vũ trụ cho chúng tôi gặp nhau để rồi đồng hành trong hàng chục chương trình dành cho doanh nhân, sinh viên và trên các phương tiện thông tin đại chúng.\r\n\r\n \r\n\r\nTiến sĩ Alan Phan không chỉ là một học giả với hai bằng tiến sĩ và các chương trình giảng dạy tại đại học. Anh là một doanh nhân đáng nể. Anh lăn lộn khắp năm châu, bốn bể để tìm kiếm cơ hội và lập nghiệp, để kinh doanh và đầu tư. Anh đã hoạt động trong nhiều lĩnh vực khác nhau và ở đâu anh cũng để lại những dấu ấn đáng kể.\r\n\r\n \r\n\r\nTiến sĩ Alan Phan và tôi có khá nhiều điểm tương đồng, nhất là tâm huyết cho thế hệ trẻ. Bất cứ chương trình nào dành cho giới trẻ, nhất là sinh viên là chúng tôi luôn bên nhau nếu có thể. Chúng tôi đều mê đọc sách và cho rằng đọc sách là điều kiện tiên quyết để thành công. Chúng tôi nghiên cứu, thực hành và chia sẻ nhiều về tri thức. Chúng tôi luôn hướng về tương lai, về thế hệ nối tiếp chúng tôi.\r\n\r\n \r\n\r\nTiến sĩ Alan Phan nói chuyện rất hài hước. Cách nói chuyện dí dỏm và tự nhiên của ạnh làm say mê lòng người nhất là giới trẻ. Có lẽ nhờ điều này nên tôi luôn thấy anh trẻ, và đặc biệt trẻ trong tâm hồn của mình.\r\n\r\n \r\n\r\nTiến sĩ Alan Phan rất tâm huyết với dự án “10 triệu máy tính bảng cho sinh viên”. Tôi nghe đến dự án này và cảm nhận được tâm huyết của anh. Tôi, với thâm niên 12 năm làm việc tại FPT, doanh nghiệp về công nghệ thống tin lớn nhất Việt Nam, nên luôn mong muốn góp sức cùng anh.\r\n\r\n \r\n\r\nVà hôm nay, khi nhận được bản thảo cuốn sách của Tiến sĩ Alan Phan, tôi rất vui và đọc liền một mạch. Cuốn sách gồm những bài viết sâu sắc và lắng đọng, ý nghĩa và thực tế, về những câu chuyện cũ nhưng rất mới, về quá khứ mà nói cho tương lai, về những câu chuyện mộc mạc mà như những bài giảng quý. Tôi đưa bản thảo của anh cho vài người bạn doanh nhân đọc và ai cũng khuyên nên xuất bản ngay, càng sớm càng tốt.\r\n\r\n \r\n\r\nThế là sau 42 năm làm ăn tại Mỹ và Trung Quốc, Niêm yết sàn Mỹ, Một tư duy khác về kinh tế và xã hội Việt Nam, Không có bữa ăn nào miễn phí là một cuốn sách nữa của Tiến sĩ Alan Phan được Nhà xuất bản Văn hóa dân tộc và Thái Hà Books xuất bản. Tôi tin tưởng rằng những ai muốn tìm hiểu về kinh tế và quản trị, về làm giàu và đầu tư, về tri thức và ứng dụng, nhất là những ai đang hâm mộ Tiến sĩ Alan Phan sẽ có thêm một cuốn sách hay cho bộ sưu tập của mình.\r\n\r\n \r\n\r\nĐây là một cuốn sách có giá trị, bổ sung vào kho sách tri thức của Thái Hà Books – những cuốn sách không lý thuyết mà chuyên về ứng dụng, rõ ràng và hoàn chỉnh, ngắn gọn mà đầy đủ. Đây là cuốn sách lôi cuốn bạn khi đọc, là cuốn sách mà khi đọc bạn phải nghĩ. Nếu nói một vài từ, tôi xin thưa rằng, “lôi cuốn và hấp dẫn”.\r\n\r\n ', 'Nhà Xuất Bản Văn Hoá Dân Tộc', 0000, 79000, NULL, 0, NULL, NULL),
(22, 1103, '10_buoc_cat_canh.jpg', '10 BƯỚC CẤT CÁNH THƯƠNG HIỆU - SÁCH DUY NHẤT VỀ QUY TRÌNH XÂY DỰNG THƯƠNG HIỆU', 'Đặng Thanh Vân', 'Doanh nghiệp Việt Nam nhở và vừa có cách nào xây dựng được thương hiệu bền vững không? Hay việc xây dựng thương hiệu nên là “chuyện của các ông lớn”? Trăn trở này trong nhiều năm tư vấn và đồng hành cùng các doanh nghiệp đã thôi thúc tôi đúc kết thành quy trình 10 bước thương hiệu và là nội dung chính của cuốn sách cẩm nang 10 bước cất cánh thương hiệu.\r\n\r\nSau khi xuất bản thành công năm 2014, cuốn sách đã nhận được rất nhiều lời khen ngợi cũng như ủng hộ nhiệt thành từ những chủ doanh nghiệp đang đi tìm một con đường để phát triển nên thương hiệu cho riêng mình.Tuy vậy, do số lượng ẩn bản có  hạn (chỉ khoảng 1000 cuốn sách phiên bản đặc biệt) nên đã có rất nhiều độc giả gửi lời ngỏ đến tôi với khao khát muốn sở hữu cuốn sách. Đối với tôi, đây quả là một niềm vinh hạnh rất lớn, nó cho thấy những tín hiệu vui, đáng khả quan của các thương hiệu Việt, vốn là đối tượng mà cuốn sách này đang hướng đến.\r\n\r\nQua 3 năm từ 2014 – 2017 tiếp tục ứng dụng và triển khai quy trình 10 bước dành riêng cho doanh nghiệp SMEs (doanh nghiệp nhỏ và vừa), cá nhân tôi cũng thu nhận được rất nhiều bài học lớn từ chính các doanh nghiệp để bổ sung, chỉnh lý và hoàn thiện quy trình này.\r\n\r\nMặt khác, khá nhiề nội dung đặc biệt quan trọng trong cuốn 10 bước cất cánh thương hiệu chưa được các doanh nghiệp SMEs ứng dụng như: xây dựng mô hình thương hiệu, lời hứa thương hiệu, chiến lược cấu trúc thương hiệu, bản sắc thương hiệu và xây dựng văn hóa…\r\n\r\nTrong lần tái bản này, tôi viết thêm chương mở đầu giúp độc giả dễ hình dung hơn về quy trình xây dựng thương hiệu 10 bước…Ngoài ra trong từng chương đều bổ sung, sửa chữa, thay đổi những nội dung mới phù hợp hơn. Đặc biệt, trong lần tái bản này còn có một số nội dung hoàn toàn mới, chưa hề được giới thiệu trước đó và cũng là trải nghiệm đúc kết hơn 10 năm tư vấn thương hiệu.\r\n\r\nTôi hy vọng ở lần tái bản này, cuốn sách “10 bước cất cánh thương hiệu” sẽ tiếp tục có ích hơn đối với các doanh nghiệp, nhất là trong bối cảnh sau hai năm, các doanh nghiệp đã trưởng thành, chín chắn hơn cũng như những khái niệm về thương hiệu không còn quá mới mẻ và khó hiểu nữa.\r\n\r\nCó thể nói, xây dựng thương hiệu bao giờ cũng là một vấn đề vô cùng khó khăn với doanh nghiệp ở những giai đoạn đầu, thế nhưng chỉ cần có quyết tâm cùng với một lối đi đúng đắn, những tín hiệu vui sẽ nhanh chóng tới với Bạn.', 'NXB Trẻ', 0000, 480000, NULL, 1, NULL, NULL),
(23, 1103, 'loi_the_canh_tranh.jpg', 'LỢI THẾ CẠNH TRANH ', 'MICHAEL E. PORTER', 'Xuất bản lần đầu năm 1985, cuốn sách này là sự bổ sung chính yếu cho tác phẩm ', 'Nxb Trẻ', 0000, 240000, NULL, 0, NULL, NULL),
(24, 1103, 'mua_sam_thong_minh.jpg', 'MUA SẮM THÔNG MINH', 'MARTIN LINDSTROM', 'Martin Lindstrom được Time Magazine bình chọn là một trong số 100 người có sức ảnh hưởng lớn nhất thế giới năm 2009. Lindstrom từng là cố vấn cho cách nahf lãnh đạo hàng đầu của tập đoàn McDonald, Procter & Gamble, và Microsoft.\r\n\r\n \r\n\r\nTrong cuốn sách Mua sắm thông minh này, Martin giật phắt những bức màn và phơi bày qua từng trang cách thức mà giới quảng cáo và doanh nghiệp khiến chúng ta cảm thấy mình sẽ bị mất mát, ngu ngốc và lạc lõng khỏi xã hội nếu ta không mua chiếc Ipad mới ra hay lọ khử mùi nhãn hiệu mới hoặc chiếc ghế đẩy kiểu dáng mới với mức giá mà bạn có thể trả tiền thuê hàng tháng cho một căn hộ đơn giản hạng trung. Mục đích của ông là phơi bày tất cả những điều đang diễn ra trong thế giới ngầm của ngành tiếp thị và quảng cáo. Martin đưa chúng ta vào những phòng hội thảo trên khắp thế giới. Ông nói chuyện với nhóm điều hành quảng cáo và tiếp thị, với những người trong ngành công nghiệp này. Ông mổ xẻ vài câu chuyện chiến sự không tưởng, bao gồm cả chuyện của chính ông.\r\n\r\n \r\n\r\nTrong suốt hành trình, ông ấy cho chúng ta thấy những thủ đoạn và mánh khóe lọc lừa nhất mà giới tiếp thị trường sử dụng để khiến chúng ta phải bỏ tiền ra. Nào là đe dọa chúng ta sợ chết khiếp; nhắc nhở chúng ta về những ngày tháng cực kỳ mờ nhạt đã trôi qua; dùng áp lực so sánh khiến chúng ta cảm thấy mình sẽ là kẻ ngoài rìa nếu không làm, không mua những thứ mà cả thế giới còn lại đều làm hoặc đều mua; chi một khoản tiền lớn cho các nhân vật danh tiếng để xác nhận chất lượng cho loại nước uống đóng chai, hoặc chỉ để lướt qua những đôi chân gầy nhom của họ trên hàng ghế đầu của buổi trình diễn thời trang; tiêm vào những thứ ta ăn ta uống bằng thứ thần dược này kia với lời hứa hẹn rằng nó sẽ cho chúng ta chiếc vé một chiều đến thiên đường Shangri-La và cuộc sống bất diện; và đó còn chưa được một nửa những gì bạn học được trong Mua sắm thông minh.\r\n\r\n \r\n\r\nNhững lời khen tặng dành cho Mua sắm thông minh\r\n\r\n“Tôi chỉ đọc hai cuốn sách kinh doanh từ đầu đến cuối trong vòng 5 năm trở lại đây, đó là Điều gì khiến khách hàng chi tiền? và Mua sắm thông minh. Hoàn toàn không ngẫu nhiên khi Martin Lindstrom là tác giả của cả hai cuốn sách này. Mua sắm thông minh được viết theo các rất thông minh, khiêu khích tư duy và hài hước” – Steven Levitt, Giáo sư Kinh tế, Đại học Chicago, tác giả Kinh tế học hài hước.\r\n\r\n \r\n\r\n“Nếu bạn mua sản phẩm, bạn cần đọc cuốn sách này. Nó thực sự đơn giản” – Tom Rath, tác giả StrengthsFinder 2.0, và How full í Your bucket?\r\n\r\n \r\n\r\n“Người đã biến McDonald’s, Procter & Gamble và Microsoft thành khách hàng của mình, chuyên gia tiếp thị kỳ cựu, Martin Lindstrom hiểu rất rõ về ngành công nghiệp này” – The Economist', 'NXB THế giới mới', 0000, 86000, NULL, 0, NULL, NULL),
(25, 1103, '21579_quan-tri-marketing-hien-daii.jpg', 'QUẢN TRỊ MARKETING HIỆN ĐẠI – ĐỊNH HƯỚNG MỖI QUAN HỆ', 'LƯU ĐAN THỌ', 'Môi trường kinh doanh thay đổi nhanh chóng tạo ra nhiều thách thức mới cho công ty, dù đó là những gã khổng lồ đa quốc gia hay những cửa hàng nhỏ, tổ chức hoạt động vì lợi nhuận hay phi lợi nhuận. Các tổ chức phải phản ứng nhanh với những thay đổi trong thị hiếu khách hàng, sản phẩm cạnh tranh và các động lực khác từ thị trường. Rất may là công nghệ thông tin đã mang lại cho công ty những cách thức mới để tương tác nhanh và phát triển mối quan hệ dài hạn với khách hàng cũng như nhà cung cáp. Những liên kết này trở thành yếu tố cốt lõi trong hoạt động marketing ngày nay.\r\n\r\n \r\n\r\nĐể thành công, mọi công ty đều phải phục vụ nhu cầu của khách hàng – tức là tạo cảm giác hài lòng cho khách hàng. Làm hài lòng khách hàng là một môn nghệ thuật vì nó đòi hỏi trí tưởng tượng và tính sáng tạo, đồng thời là một môn khoa học vì nó đòi hỏi kiến thức chuyên môn, kỹ năng và kinh nghiệm. Chiến lược và quản trị marketing là công cụ mà người làm markeitng sử dụng để xác định và phân tích nhu cầu của khách hàng, sau đó chứng tỏ hàng hóa/dịch vụ của công ty có thể đáp ứng những nhu cầu này. Để giúp bạn đọc có có cái nhìn rõ ràng hơn về marketing, tác giả Lưu Đan Thọ đã xuất bản cuốn sách Quản trị Marketing hiện đại – Định hướng mối quan hệ.', 'NXB Tài chính', 0000, 98000, NULL, 1, NULL, NULL);
INSERT INTO `book` (`id`, `id_madm`, `image`, `tensach`, `tacgia`, `noidung`, `nxb`, `namxb`, `price`, `price_ud`, `new`, `created_at`, `updated_at`) VALUES
(26, 1103, 'sat-thu-ban-hang.jpg', 'SÁT THỦ BÁN HÀNG', 'David Dorsey', 'Ngày nay, trước tình hình cạnh tranh khốc liệt, con người đang nâng hoạt động bán hàng lên một tầm cao mới. Bán hàng đã được mọi người công nhận là một nghệ thuật, nó đã vượt quá ngưỡng của một giao dịch mà đơn giản là anh sẽ bán còn tôi sẽ mua và chúng ta cùng ký. Hàng loạt biến đổi dẫn đến sự cạnh tranh không ngừng của các đối thủ nhằm bán được hàng cho càng nhiều khách hàng càng tốt, đồng thời nó cũng kéo theo việc khách hàng cảm giác như họ đang ngày càng bị chăn dắt nhiều hơn. Bán hàng ngày càng được coi là một cuộc đấu trí, một trò cân não đầy thú vị không kém phần kịch tính của cả bên bán lẫn bên mua.\r\n\r\n \r\n\r\nKhách hàng thường có cái nhìn kém thiện cảm với những người bán hàng. Họ luôn cảm giác như mình đang bị lừa bởi mánh khóe của những tay bán hàng “xảo quyệt”, luôn chăm chăm đưa họ vào tròng. Tuy nhiên, trong Sát thủ bán hàng, bạn sẽ khám phá ra những khía cạnh khác về công việc bán hàng và qua đó sẽ có thiện cảm hơn rất nhiều với nghề đầy sức ép cũng như áp lực này. Sát thủ bán hàng vừa giống như một cuốn tiểu thuyết với lối hành văn rất… văn học thay vì những ngôn từ kinh doanh khô khan, vừa giống một cuốn cẩm nang chứa đựng những kỹ thuật bán hàng vô cùng thú vị bao gồm những màn đấu trí cân não, cách tạo mối quan hệ với khách hàng, cũng như những thủ thuật vô cùng sáng tạo của những nhân viên bán hàng.\r\n\r\n \r\n\r\nTuy nhiên, điều khiến cuốn sách này mang lại giá trị sâu sắc chính là cách tạo động lực của cấp trên với cấp dưới, cũng như việc các nhân viên tự tạo động lực cho chính mình để thành công trong công việc. Những động lực khiến họ có thể làm việc quên mình, toàn tâm toàn ý với mục tiêu đã đề ra. Như Archimedes từng nói: “Hãy cho tôi một điểm tựa, tôi sẽ nhấc bổng cả Trái Đất lên”. Động lực cũng chính là một điểm tựa vững chãi để cho bất kỳ ai cũng có thể làm nên được điều kỳ diệu. Và sau tất cả những thương vụ, những cuộc chạy chỉ tiêu căng thẳng tột cùng, động lực chính là nguồn sức mạnh gắn kết mọi người và khiến họ coi nhau như những người thân yêu nhất.\r\n\r\n \r\n\r\nNhững lời khen tặng dành cho “Sát thủ bán hàng”\r\n\r\n“Nếu bạn muốn biết những cuộc chiến kinh tế của Mỹ được tiến hành như thế nào, cuốn sách này là dành cho bạn. Một cuốn sách thực sự hấp dẫn” – Newsday\r\n\r\n \r\n\r\n“Dorsey là cây bút tràn đầy năng lượng và trí tưởng tượng. Ông xây dựng nên những hình tượng không thể quên… Quá ấn tượng” – The New York Times Book Review\r\n\r\n \r\n\r\n“Một lát cắt sâu sắc về đời sống kinh doanh khiến chúng ta không khỏi suy ngẫm” – Worth\r\n\r\n \r\n\r\n“Dorsey hoàn toàn không đưa ra bất cứ lời phê bình nào. Thay vào đó, ông hé lộ những ước mơ, hoài bão – những động lực khiến những con người ấy tiến về phía trước bất chấp mọi sóng gió” – Kansas City Star', 'NXB Đại Học Kinh tế Quốc Dân', 0000, 129000, 100000, 0, NULL, NULL),
(27, 1103, 'ququang-cao-theo-phong-cach-ogilvy-ogilvy-on-advertising.jpg', 'QUẢNG CÁO THEO PHONG CÁCH OGILVY', 'David Ogilvy ', 'Viết về David Ogilvy luôn là một thách thức – đặc biệt khi bạn là người Ogilvy. Bạn không ngừng được nhắc nhỏ về những giá trị cơ bản của “văn hóa Ogilvy” trong cộng đồng quảng cáo, những cuốn sách của ông như “Lời tự thú của một người làm quảng cáo” hay “Quảng cáo theo kiểu Ogilvy” là những cuốn sách gối đầu giường, những bức chân dung của ông luôn dõi theo bạn ở trên tường, và những câu nói nổi tiếng của ông được trích dẫn trong phần lớn các bản giới thiệu dịch vụ của công ty bạn cho đối tác quảng cáo. Cho dù mất đã lâu, ông vẫn ảnh hưởng đến các nhân viên của Ogilvy theo một cách riêng – cái cách của một con người độc đáo.\r\n\r\n \r\n\r\nQuả vậy, có thể gọi ông bằng mọi tên gọi, từ ông đầu bếp, người bán rong, anh cạo giấy, người viết quảng cáo hay cha đẻ của quảng cáo hiện đại, nhưng không ai, kể cả những kẻ thù có miệng lưỡi sắc nhọn nhất của ông (những người vẫn dè bỉu sau lưng ông rằng David Ogilvy chỉ là một anh chàng lẻo mép gặp may, che dấu quá khứ bán hàng rong của mình bằng một lâu đài ở Pháp và nói năng như một nhà hiền triết, một kiểu Gatsby Vĩ đại của làng quảng cáo) có thể gọi ông là một con người bình thường. Nếu có thể bình thường thì bình thường như bộ phim tài liệu của hãng thông tấn BBC làm về cuộc đời ông, ông là “một kẻ điên bình thường!” Khi David Ogilvy, người khổng lồ cuối cùng của ngành quảng cáo qua đời vào ngày 21 tháng 7 năm 1999, bộ phim than thở “thời đại của những kẻ điên rồ cũng trôi qua”.\r\n\r\n \r\n\r\nQuảng cáo theo phong cách Ogilvy, một trong những cuốn sách quan trọng nhất của David Ogilvy, chính vì vậy, có sức quyến rũ khó cưỡng lại của một tác phẩm “bất bình thường”. Bất bình thường vì khi đọc lại, chúng ta thấy mình đã sai lạc ra sao khỏi cơ sở nền tảng của ngành truyền thông tiếp thị mà những người khổng lồ như Raymond Rubicam, Albert Lesker, Leo Burnett và David Ogilvy đã đặt nền móng. Bất thường vì sẽ hiếm khi các bạn được quan sát một bộ óc hài hước, cực đoan, không khoan nhượng lại có thể nói một cách say sưa và thuyết phục đến vậy về áo chemise, sữa tắm cho phụ nữ, dầu gội đầu hay bột súp. Bất thường về vô số những câu chuyện nho nhỏ nhưng độc đáo về bản thân, khách hàng, các chương trình quảng cáo mà bạn chưa bao giờ từng nghe – chứng thực cho lời tâm sự cuối đời của David Ogilvy “tôi chưa bao giờ bị buồn chán”\r\n\r\n \r\n\r\nNhững ai nên đọc cuốn sách này? Theo tôi, tất cả mọi người!\r\n\r\nTất nhiên, đầu tiên là những người đang làm việc trong ngành truyền thông tiếp thị - từ những nhà chiến lược thương hiệu, những giám đốc sáng tạo, những nhà viết quảng cáo, cho tới những nhân viên phụ trách quản lý khách hàng hay thậm chí cả các giám đốc tài chính hay kế toán đang làm việc tại các công ty quảng cáo, quan hệ công chúng, nghiên cứu thị trường và tâm lý khách hàng, quản lý và tư vấn truyền thống… ai cũng sẽ tìm được câu chuyện cho riêng mình trong hàng trăm các câu chuyện mà David Ogilvy chia sẻ. Đặc biệt, hãy chuẩn bị cho những cú sốc! Đi ngược lại với “cơn khát” các giải thưởng quốc tế về sáng tạo trong giới quảng cáo ngày nay, David Ogilvy luôn nhấn mạnh tới tính hiệu quả của quảng cáo (“hoặc là giúp bán thêm được hàng, hoặc chỉ là đồ vứt đi”). Ông không ngại ngần dè bỉu “lũ ngu xuẩn” coi tính sáng tạo là điểm mấu chốt của một quảng cáo tốt, và coi một giải thưởng quan trọng nhất về tính sáng tạo của một mẫu quảng cáo là một bản báo cáo ấn tượng về doanh số đang tăng trưởng. Đặc biệt, hiệu quả của quảng cáo ở trung tâm, ông coi trọng những thứ mà những nghệ sĩ quảng cáo coi thường – những nghiên cứu khoa học về ảnh hưởng của phông chữ, màu sắc, hình ảnh lên con người. Đã từng làm việc tại viện Gallup, ông luôn coi việc nghiên cứu đối tượng khách hàng phải là bước phải tiến hành cẩn thận nhất. Cũng trái ngược lại với quan điểm “ít là nhiều” (less is more) trong quảng cáo hiện đại, David Ogilvy không ngần ngại khi tuyên bố những quảng cáo viết dài nhất đôi lúc là những quảng cáo có hiệu quả cao nhất. “Tôi đã viết những quảng cáo dài hơn ba ngàn từ”, bản thân luôn coi mình là một người viết quảng cáo cự phách, David Ogilvy tự hào cho biết.\r\n\r\n \r\n\r\nThứ hai, bất cứ ai đang kinh doanh quan tâm đến việc tăng doanh số cho các sản phẩm của mình, David Ogilvy, theo cách riêng của ông sẽ dẫn dắt bạn vượt qua ma trận hào nhoáng của thế giới quảng cáo và truyền thông để về với nguyên tắc căn bản nhất của ông – nhiệm vụ của một công ty quảng cáo là giúp khách hàng đạt được tăng trưởng về mặt doanh thu, chứ không tạo ra những mẫu quảng cáo được các giám đốc sáng tạo trong giới quảng cáo ca tụng (đó là lý do tại sao với David Ogilvy tiếp thị trực tiếp lại là thử thách đầu tiên mà một công ty quảng cáo có thể phải đối mặt nếu như muốn chứng minh năng lực của mình). Ông giải thích một cách giản dị cách thức mà ngành công nghiệp này vận hành và cách thức sử dụng một công ty quảng cáo tốt nhất, nhưng đồng thời, với một phong cách rất “Ogilvy”, từ vị trí của một người làm quảng cáo, ông cũng chế nhạo một cách độc địa những “kẻ ngu xuẩn” luôn luôn xem nhẹ vai trò của các công ty quảng cáo, những kẻ “đã thuê chó giữ nhà mà còn muốn canh cửa”.\r\n\r\n \r\n\r\nThứ ba, bất cứ ai có một hoài bão trong đời! Cuộc đời của David Ogilvy, như bạn có thể tái hiện lại từ từng mẩu, từng mẫu nhỏ trong cuốn Quảng cáo theo phong cách Ogilvy, là cuộc đời của “một người viết quảng cáo có những ý tưởng lớn” như cái cách mà ông muốn hậu thế nhớ về ông. Bạn sẽ học được cách làm thế nào mà một người bán hàng rong, không được đào tạo bất cứ thứ gì liên quan đến quảng cáo, lại có thể từ hai bàn tay trắng xây dựng nên một đế chế quảng cáo trong một quãng thời gian tương đối ngắn – sự say mê, lòng kiên trì, nỗ lực vượt bậc và niềm khao khát chứng minh những ý tưởng lớn mà mình thai nghén. Đúng vậy, không chỉ thai nghén những ý tưởng lớn, mà nỗ lực hết mình để hiện thực hóa nó! Bạn sẽ hiểu được tính độc đáo, óc hài hước, lòng dũng cảm, và đôi lúc cả sự chua cay sẽ đóng góp gì trong việc hình thành nên một người khổng lồ trong lĩnh vực quảng cáo.\r\n\r\n \r\n\r\nChính vì vậy, cuốn sách mà các bạn độc giả đang cầm trên tay còn lớn hơn một cuốn sách viết về quảng cáo. Chắt lọc từ tâm huyết của một người cả đời theo đuổi, thành công và chiêm nghiệm về quảng cáo, nó khơi gợi những suy nghĩ về tình yêu nghề nghiệp, niềm say mê, và trên hết, về những lý tưởng lớn mà con người cần theo đuổi.', 'Nhà Xuất Bản Lao Động Xã Hội', 0000, 139000, 99000, 1, NULL, NULL),
(28, 1104, 'tri-tue-tai-chinh.jpg', 'TRÍ TUỆ TÀI CHÍNH', 'Karen Berman & Joe Knight, John Case', 'Hãy tưởng tượng thế này. Bạn đang có 10 triệu đồng, và bạn quyết định kinh doanh. Trong 3 tháng đầu, bạn đạt được doanh thu lần lượt là 20 triệu, 30 triệu và 45 triệu đồng. Thật là một sự tăng trưởng doanh thu ấn tượng phải không? Chi phí trực tiếp giúp tạo ra doanh thu của bạn chiếm 60% doanh thu còn chi phí hoạt động chung hàng tháng là 10 triệu đồng/tháng. Từ đây, bạn rút ra được rằng bạn lỗ 2 triệu trong tháng đầu tiên, lãi 2 triệu trong tháng thứ 2, và lãi 8 triệu trong tháng thứ ba. Vậy là bạn nghĩ mình đang có một sự tăng trưởng lợi nhuận tốt. Thế nhưng liệu bạn có nên vui mừng không?\r\n\r\n \r\n\r\nĐương nhiên là không, hay nói đúng hơn, là chưa nên vui mừng quá sớm. Các con số dù sao cũng chỉ là các con số và nếu bạn không hiểu được ý nghĩa đằng sau nó thì chúng đều vô giá trị, nếu không muốn nói là cực kỳ nguy hiểm vì chúng có thể tạo ra ảo tưởng cho bạn. Đó chính là lý do bạn cần phải đọc cuốn sách này. Đúng như tên gọi của nó, Trí tuệ tài chính là một cuốn sách về tài chính nhưng không vì thế mà nó mất đi sự thú vị. Một cách tổng quát, cuốn sách sẽ dạy cho bạn cách đọc các bản báo cáo tài chính, chỉ ra những điểm quan trọng và lý do chúng quan trọng. Sau khi đọc xong cuốn sách này, bạn sẽ biết được rằng, thật ra, trong năm đầu tiên, doanh thu 20 triệu hoàn toàn chỉ nằm trong khoản phải thu khách hàng và phải 60 ngày nữa tiền mới về. Trong lúc đó, bạn phải trả 12 triệu đồng chi phí trực tiếp tạo ra 20 triệu doanh thu cho nhà cung cấp trong vòng 30 ngày tới. Vậy là trong tháng đàu tiên, bạn không thu về được đồng nào, phải trả 10 triệu đồng chi phí chúng, tức là lỗ 10 triệu, gấp 5 lần con số trong sổ sách. Sang tháng thứ hai, bạn tiếp tục thu về 0 đồng, phải trả 10 triệu chi phí chung, phải trả 12 triệu chi phí trực tiếp từ tháng đầu tiên, tức là lỗ 22 triệu, trái ngược hoàn toàn với con số trong sổ sách. Đến tháng thứ 3, bạn thu về 20 triệu từ tháng đầu tiên, phải trả 10 triệu chi phí chung và 18 triệu chi p;hí trực tiếp từ tháng thứ hai, tức lỗ 8 triệu, một kết quả không lấy gì làm vui mừng. Giờ bạn đã hiểu sự nguy hiểm khi không hiểu rõ các con số rồi chứ?\r\n\r\n \r\n\r\nTrí tuệ tài chính là một cuốn sách cực kỳ cơ bản, một cuốn sách về tài chính dành cho tất cả mọi người. Xin nhấn mạnh rằng nó dành cho tất cả mọi người, từ người làm trong ngành tài chính đến người ngoài ngành, từ nhân viên cấp thấp đến quản lý cấp cao, bất cứ ai quan tâm đến tình hình tài chính của công ty mình hay bất kỳ đơn vị kinh doanh nào khác đều cần và đủ khả năng đọc cuốn sách này. Nó cơ bản đến mức, khi xuất bản tại Mỹ, các tác giả đã liên tục nhận được phản hồi của người đọc rằng dù rất thích nhưng họ cần những cuốn sách viết ở trình độ cao hơn. Tuy nhiên, nếu ai nghĩ rằng mình không cần đến cuốn sách này thì hãy dành vài phút để làm bài kiểm tra trắc nghiệm trong sách. Đó cũng là cách các tác giả trả lời cho phản hồi trên của độc giả để rồi sau đó, các độc giả đều biết họ cần cuốn sách này vì rõ ràng họ không biết nhiều như họ nghĩ. Cuối cùng, hãy nhớ rằng, nếu người Mỹ được hưởng nền giáo dục về tài chính và kinh tế tốt nhất thế giới còn cần đọc nó thì thật vô lý khi những người Việt Nam như chúng ta lại không quan tâm và tìm đọc.', 'Nhà Xuất Bản Lao Động Xã Hội', 0000, 99000, NULL, 1, NULL, NULL),
(29, 1104, '9786045845264_1.jpg', 'BẬC THẦY MÔI GIỚI ĐỊA ỐC', 'HENRY HUỲNH ANH DŨNG', '“...Để tồn tại và đứng vững được giữa các công ty dịch vụ môi giới, nhu cầu cập nhật kiến thức chuyên môn, tham dự các chương trình nâng cao kỹ năng bán hàng bất động sản hiện nay rất lớn. Nhưng việc đáp ứng được nhu cầu nâng cao kiến thức chuyên môn của những người hành nghề như hiện nay còn rất hạn chế. Người hành nghệ vẫn phải tự mày mò, học hỏi từ những người đi trước, hoặc cóp nhặt kiến thức trên các trang mạng Internet...Họ vẫn tự xoay xở vì chưa có một tài liệu chuyên ngành nào phù hợp, đầy đủ có thể tiếp cận được với những kiến thức hiện đại từ các nước phát triển trong lĩnh vực kinh doanh bất động sản đúng nghĩa.\r\n\r\n \r\n\r\nVì thế một quyển sách dành riêng cho những người hành nghề môi giới địa ốc với đầy đủ thông tin, kiến thức thực tế.. vẫn đang là nhu cầu rất cấp thiết và chính đáng trong bối cảnh thị trường bất động sản đang phát triển như hiện nay và trong tương lai.\r\n\r\n \r\n\r\nHơn 7 năm giảng dạy và làm việc ở Việt Nam trong lĩnh vực kinh doanh bất động sản càng cho tôi có cái nhìn rõ nét hơn rằng người hành nghề môi giới tại Việt Nam vẫn còn một khoảng cách khá xa về chuyên môn, sư chuyên nghiệp và cách lam việc bài bản so với những người cùng ngành nghề ở các nước trong khu vực.\r\n\r\n \r\n\r\nĐiểm khác biệt lớn nhất đó là tư duy hành nghề của chuyên viên môi giới tại Việt Nam vẫn xem nhẹ chính công việc họ đang làm. Một bộ phận không nhỏ vẫn cho rằng nghề bán hàng địa ốc có già đâu mà phải ...học!!!. Họ quên mất rằng một thị trường bất động sản phát triển không thể thiếu vai trò cầu nối cả những người hành nghề bán hàng địa ốc. Và chính họ mới là chủ thể chính trực tiếp đưa sản phẩm đến tay người tiêu dùng và làm thay đổi bộ mặt cho thị trường địa ốc của một đất nước phát triển.\r\n\r\n \r\n\r\nQuyển sách đang ở trên tay bạn được ra đời từ chính sự trăn trở sau hơn 7 năm trở lại quê nhà sinh sống và làm việc của một người luôn ôm trong mình ước mong lớn nhất là làm bằng cách nào để:\r\n\r\n \r\n\r\nCung cấp những kiến thức chuyên môn hiện đại nhất, tiệm cận được mô hình hoạt động của những nhà môi giới địa ốc tại các nước phát triển trên thế giới, kết hợp với thực tế hoạt động kinh doanh bất động sản tại Việt Nam để có một cuốn cẩm nang với đầy đủ các thông tin, kiến thức bổ ích nhất dành cho những người hành nghề môi giới tại Việt Nam.\r\n\r\n \r\n\r\nMang lại diện mạo mới cho những người yêu thích nghề môi giới địa ốc với phong cách chuyên nghiệp, hiện đại và nhân văn. Giúp người làm nghề môi giới địa ốc hiểu hơn về vai trò nghề nghiệp mang lại tính nhân văn của mình.\r\n\r\n \r\n\r\nThay đổi tư duy và hoạt động kinh doanh của người hành nghề để lấy lại lòng tin và làm thay đổi quan niệm của cộng đồng về những người hành nghề môi giới. Và cũng để chứng minh họ không phải là “có nhà đất” mà là những chuyên viên bán hàng bậc cao đúng nghĩa.\r\n\r\n \r\n\r\nGiới thiệu mô hình khởi nghiệp cá nhân, hoạt động độc lập dành cho những người yêu thích và chọn bất động sản làm con đường kinh doanh, góp phần vào sự phát triển của đất nước nói chung và ngành công nghiệp bất động sản nói riêng ngày càng được phát triển. Từ đó, mang lại những giá trị cốt lõi cho cộng đồng qua chất lượng dịch vụ do người hành nghề cung cấp.\r\n\r\n \r\n\r\nHơn 30 năm làm người trực tiếp bán hàng và trải qua nhiều cương vị khác nhau trong lĩnh vực kinh doanh, tôi đã trải nghiệm rất nhiều cung bậc cảm xúc của thành công và thất bại trên thương trường. Tôi hiểu được cảm giác thất vọng khi khách hàng từ chối hay những lúc gặp thất bại trong kinh doanh. Vì thế, tôi góp nhặt tất cả những kiến thức, kinh nghiệm từ chính cuộc đời kinh doanh thực tế của tôi để viết nên quyển sách này, như một sự chia sẻ từ những trải nghiệm mà tôi may mắn có được.\r\n\r\n \r\n\r\nGiấc mơ về một quyển sách chuyên ngành cho những người hành nghề môi giới địa ốc đã biến thành sự thật sau 318 ngày được trải lòng mình qua những trang bản thảo. Hai lần phải viết lại từ đầu vì phải chính sửa, bổ sung cho phù hợp với môi trường kinh doanh và văn hóa giao dịch bất động sản tại Việt Nam là thời gian đầy áp lực và trách nhiệm đối với tôi. Vì tôi luôn buộc mình phải viết làm sao để chuyển tải được hết những kiến thức kinh doanh bất động sản tại nước ngoài, có thể ứng dụng phù hợp tại môi trường ở Việt Nam, phải viết sao cho thật dễ hiểu và có thể ứng dụng được ngay vào thực tế kinh doanh vẫn là điều trăn trở, khó khăn mà tác giả gặp phải khi thực hiện quyển sách này.\r\n\r\n \r\n\r\nĐối với tôi quyển sách không chỉ thuần túy cung cấp cho bạn kiến thức, mà còn phải giúp bạn đọc nhận diện ra được sự khác biệt của hai nền văn hó Đông – Tây trong lĩnh vực kinh doanh bất động sản.\r\n\r\n \r\n\r\nLá rụng về cội - Quyển sách được ra đời bằng cả sự tâm huyết, được ấp ủ nhiều năm của một người con xa xứ luôn mong muốn đóng góp một phần kiến thức nhỏ bé của mình khi trở lại quê nhà, vì sự phồn thịnh của quê hương và sự phát triển của ngành công nghiệp bất động sản Việt Nam nói riêng.\r\n\r\n \r\n\r\nTất nhiên, quyển sách này sẽ không tránh khỏi nhưng sai sót. Tác giả mong muốn nhận được sự lượng thứ và góp ý của bạn đọc đã tiếp nhận, ủng hộ quyển sách như tiếp nhận một Tấm Lòng của một người đã nhiều năm xa xứ muốn dành tặng cho các Bạn. HERY HUỲNH ANH DŨNG – CRS – HOA KỲ', 'Tổng Hợp TPHCM', 0000, 499000, 399000, 0, NULL, NULL),
(31, 1104, 'sachhay.jpg', 'CFO CẨM NANG GIÁM ĐỐC TÀI CHÍNH ', 'STEVEN M. BRAGG', 'Ấn bản lần thứ hai của cuốn “Cẩm nang giám đốc tài chính” sẽ tạo ra cho những ai đảm nhiệm cương vị giám đốc tài chính một cái nhìn toàn diện về vị trí của bản thân trong tổ chức đồng thời cung cấp các cách thức giải quyết vấn đề mang tính chiến lược liên quan đến công nghệ thông tin, thuế và tài chính. Một số câu hỏi được trả lời từ chương 1 đến chương 4 bao gồm: Tôi nên làm gì trong những ngày đầu đảm trách công việc? Trách nhiệm cụ thể của tôi là gì? Làm thế nào để tôi giảm thiểu thiệt hại về tiền tệ? Làm thế nào để tôi gia tăng lợi nhuận trên tài sản của công ty? Khi nào thì tôi nên phát hành chứng khoán chuyển đổi? Những yếu tố nào tôi nên xem xét để đưa ra quyết định về chi phí? Khi nào thì tôi nên sử dụng khoản thuế chuyển tiếp tính trên khoản lỗ thuần từ hoạt động kinh doanh? Tôi phải quyết định như thế nào về việc loại bỏ sản phẩm? Làm thế nào tôi có thể sử dụng mức giá chuyển nhượng để giảm thuế thu nhập? Tôi nên sử dụng công nghệ thông tin đặc trưng nào cho một loại hình kinh doanh nhất định, như công nghệ cải tiến sản phẩm nhánh chóng hay công nghệ sản xuất sản phẩm với chi phí thấp?\r\n\r\n \r\n\r\nGiám đốc tài chính phải để tâm vào nhiều vấn đề giải trình khác nhau, mắc dù không phải ở mức độ giải quyết công việc một cách chi tiết để đam trách công việc của một người quản lý. Những phạm vi chính cần quan tâm chính là sự phát triển và duy trì các chỉ số đo lường hiệu suất cũng như các hệ thống kiểm soát. Giám đốc tài chính phải liên hệ với các kiểm toán viên nội bộ và kiểm toán viên độc lập, đồng thời tạo ra các báo cáo thường lệ cho Ủy ban chứng khoán và Hối đoái.\r\n\r\n \r\n\r\nChương 5 đến chương 8 bàn luận về những đề tài này, và trả lời cho tất cà các câu hỏi sau: Làm thế nào để tôi thiết lập một hệ thống đo lường hiệu suất? Cần phải sử dụng  phương pháp đo lường hiệu suất nào để theo dõi các vấn đề về tài chính và kế toán? Hình thức gian lận nào có thể bị vi phạm, và loại hình kiểm soát nào có thể giảm thiểu được khả năng xảy ra hình thức gian lận đó?...\r\n\r\n \r\n\r\nMột trong những nhiệm vụ cốt yếu của giám đốc tài chính là phân tích các vấn đề tài chính, dẫn đến những khuyến cáo về hành động cho nhóm quản ly chương 9 đến chương 11 đề cập đến những đề tài như chi phí vốn, hoạch định nghân sách vốn, phân tích rủi ro tận dụng công suất và điểm hòa vốn. Khi nghiên cứu chương này chúng ta sẽ có những câu trả lời cho những câu hỏi: Làm thế nào để tôi tính toán chi phí vốn của công ty? Làm thế nào để tôi thay đổi được chi phí vốn để tăng giá trị cổ đông? Đâu là phương án khác nhau để xác định giá trị của các kế hoạch vốn đã được đề xuất? Làm thế nào tôi tính được giá trị hiện tại ròng, tỷ suất thu nhập nội bộ và tời kỳ thu hồi? Làm thế nào tôi phân bổ nguồn quỹ đối với các dự án phát triển và nghiên cứu? Bảng phân tích điểm hòa vốn có thể được sử dụng như thế nào để tối ưu hóa khả năng sinh lợi?\r\n\r\n \r\n\r\nĐôi khi một giám đốc tài chính được giao nhiệm vụ tìm kiếm nguồn vốn và giao phó tất cả các hoạt động khác cho nhà quản lý hay thủ quỹ. Trong vai trò này, giám đốc tài chính phải biết cách quản lý dòng tiền hiện tại, đầu tư nguồn quỹ dư thừa, thu nợ và cấp vốn cổ phần, thực hiện việc chào bán cổ phiếu lần đầu ra công chúng và tư nhân hóa công ty. Chương 12 đến chương 17 sẽ giải quyết những vấn đề trên....\r\n\r\n \r\n\r\nCuốn sách này giúp cho giám đốc tài chính có một cái nhìn tổng quan về các chiên lược, các hệ thống kiểm soát và đo lường, các công cụ phân tích tài chính, các nguồn vốn và những lời khuyên để nâng cao chất lượng quản lý - những điều sẽ giúp tạo ra giá trị lớn nhất có thể cho công ty.\r\n\r\n ', 'Tổng hợp TP. HCM', 0000, 190000, NULL, 1, NULL, NULL),
(32, 1104, 'tin-dung-ngan-hang-sachdoanhnhan-12.jpg', 'TÍN DỤNG NGÂN HÀNG ', 'PGS. TS. LÊ VĂN TỀ', 'Trong toàn bộ hoạt động của các ngân hàng thương mại diễn ra trên thế giới và ở nước ta, tín dụng đóng vai trò cực kỳ quan trọng, xét trên hai phương diện: Quy mô sử dụng vốn và khả năng tạo ra lợi nhuận. Xét về quy mô sử dụng vốn, thông thường ở các ngân hàng thương mại dù ở châu lục nào, tín dụng thường chiếm khoảng 70% tổng số tài sản có và do vậy cũng là khoản mục tạo lợi nhuận chủ yếu của ngân hàng thương mại. Vì tín dụng là khoản mục sinh lợi chủ yếu nên đây cũng lại là khoản mục rủi ro chủ yếu của NHTM. Rủi ro trong hoạt động tín dụng của NHTM có nhiều: Rủi ro không hoàn trả, rủi ro chậm trả, rủi ro lãi suất, rủi ro lạm phát và rủi ro tỷ giá… Tuy nhiên, khi đề cập đến rủi ro của NHTM chủ yếu người ta đề cập đến rủi ro không hoàn trả. Sở dĩ như vậy là vì, như chúng ta biết, tín dụng bao giờ cũng được hiểu là sự vận động đơn phương của giá trị từ người cho vay sang người đi vay, và khi kết thúc kỳ hạn tín dụng, nó sẽ quy về với điểm xuất phát ban đầu, cả vốn và lãi. Sự không quay lại hoặc chậm quay lại chính là rủi ro của tín dụng.\r\n\r\n \r\n\r\nTrong nền kinh tế thị trường hiện đại, khi đề cập đến tín dụng, các nhà kinh tế thường đề cập đến vai trò to lớn của nó, tuy nhiên, thực tế, vai trò của tín dụng chính là ở chỗ nó tạo ra một kênh dẫn vốn từ người tạm thời thừa sang người tạm thời thiếu vốn, với tư cách là người sử dụng cuối cùng. Kênh dẫn vốn đó được thông thoáng chắc chắn sẽ tạo ra được 4 hệ quả quan trọng: Người cho vay sẽ thu lợi tức, người sử dụng cuối cùng số vốn đó sẽ tạo ra lợi nhuận, nền kinh tế có thêm được sản phẩm mới và cuối cùng sẽ tạo ra được nhiều việc làm. Các hệ quả đó, suy cho cùng chính là tạo cho nền kinh tế phát triển ổn định, bền vững và được ví như là mạch máu trong một cơ thể vậy.\r\n\r\n \r\n\r\nNhận thấy vai trò cực kỳ quan trọng của tín dụng, nhóm tác giả đã biên soạn cuốn sách Tín dụng ngân hàng nhằm cung cấp kiến thức cho sinh viên thuộc các trường đại học nói chung, và sinh viên trong các trường đại học kinh tế nói riêng có điều kiện tiếp cận kiến thức về lĩnh vực này.', 'Lao Động', 0000, 70000, 50000, 0, NULL, NULL),
(33, 1104, 'quan-tri-tai-chinh-nguyen-thanh-liem.jpg', 'QUẢN TRỊ TÀI CHÍNH', ' TS. NGUYỄN THANH LIÊM VÀ Ths. NGUYỄN THỊ MỸ HƯƠNG', 'Chúng ta ai cũng có thể nhận thấy một cách rõ ràng vẻ bên ngoài bận rộn của hoạt động kinh doanh. Thực sự đó là một quá trình dịch chuyển  mà đúng hơn – đó là một quá trình chuyển hóa các đầu vào thành các đầu ra - Những sản phẩm hay dịch vụ. Cổ máy sản xuất nằm ở trung tâm của sự chuyển hóa này lên tục sử dụng đầu vào: Lao động, nguyên vật liệu, máy móc thiết bị... để tạo ra sản phẩm dịch vụ. Hoạt động marketng bằng quá trình phát hiện, khám phá, phát triển các nhu cầu, đưa sản phẩm hay dịch vụ đến làm thỏa mãn nhu cầu – như là một sự dẫn hướng cho dòng chuyển hóa này.\r\n\r\n \r\n\r\nCung với dòng dịch chuyển này, mà đúng hơn là bên kia của dòng dịch chuyển vật chất, trên phương diện tiền tệ, đó là sự dịch chuyển không ngừng của các dòng tiền tệ. Những dòng dịch chuyển đó liên tục tạo ra các nguồn quỹ khác nhau chuyển hóa lẫn nhau như tài sản cố định, tồn kho, khoản phải thu, các khoản vay nợ... hình thành các chu trình có tốc độ vận động khác nhau. Như thế, công ty được xem là một tập hợp của các dòng dịch chuyển bao gồm dòng dịch chuyển kinh doanh, dòng dịch chuyển đầu tư và dòng dịch chuyển tài trợ.\r\n\r\n \r\n\r\nQuản trị tài chính là các hoạt động nhằm phối trí các dòng tiền tệ trong doanh nghiệp nhằm đạt được mục tiêu của doanh nghiệp. Quản trị tài chính là một trong các chức năng có bản của quản trị doanh nghiệp. Chức năng quản trị tài chính có mối liên hệ mật thiết với các chức năng khác trong doanh nghiệp như: chức năng quản trị sản xuất, chức năng quản trị marketing, chức năng quản trị nguồn nhân lực.', 'NXB TÀI CHÍNH', 0000, 158000, NULL, 0, NULL, NULL),
(34, 1104, '5064032404422.jpg', 'TÀI CHÍNH HÀNH VI TÂM LÝ HỌC, RA QUYẾT ĐỊNH VÀ THỊ TRƯỜNG', 'LUCKY F. ACKERT VÀ RICHARD DEAVES', 'Tài chính hành vi đang phát triển nhanh chóng và sử dụng các kiến thức từ tâm lý học để tìm hiểu cách thức hành vi của con người ảnh hưởng đến các quyết định của các nhà đầu tư cá nhân và chuyên nghiệp, của các thị trường và các nhà quản lý.\r\n\r\n \r\n\r\nTất cả chúng ta đều là con người, điều đó có nghĩa là hành vi của chúng ta bị ảnh hưởng bởi tâm lý. Một vài quyết định rất đơn giản va là những lựa chọn hàng ngày, như việc chúng ta sẽ học tập chăm chỉ như thế nào cho kỳ thi sắp tới, hay nhãn hiệu nước giải khát nào chúng ta sẽ mua, những quyết định khác lại có thể ảnh hưởng đáng kể đến tình hình tài chính của chúng ta, như là chúng ta có nên mua một cổ phiếu nào đó hay không, hay chúng ta sẽ phân bổ tiền trong tài khoản hưu trí của chúng ta vào các quỹ đầu tư khác nhau như thế nào. Mục đích của cuốn sách này là trình bày những gì chúng ta học được về việc quyết định từ những nghiên cứu trong lĩnh vực tài chính hành vi, song song với việc nhìn nhận những thách thức vẫn đang tồn tại.\r\n\r\n \r\n\r\nChúng ta sẽ thấy rằng hành vi rất hữu ích trong việc giúp chúng ta hiểu về những câu đố ở mức độ nhà đầu tư. Ví dụ, tại sao con người có xu hướng đầu tư vào những công ty địa phương? Tại sao các nhà đầu tư nhầm lẫn một công ty tốt là một cổ phiếu tốt? Tại sao con người gia tăng chấp nhận rủi ro nếu họ vừa có được thành quả danh mục tốt hoặc kém? Tại sao họ lại lương lự khi loại bỏ các cơ hội đầu tư kém ra khỏi danh mục của mình? Tại sao nhiều nhà đầu tư lại giao dịch thường xuyên? Tại sao họ lại không đa dạng hóa đầy đủ các tài sản đang nắm giữ? Tại sao con người lại hành động theo đám đông?\r\n\r\n \r\n\r\nMặc dù sẽ khó tìm ra ai đó không cho rằng tâm lý có tác động đến quyết định tài chính của cá nhân, nhưng lại có nhiều bất đồng hơn về việc liệu các kết quả của thị trường cũng bị ảnh hưởng  hay không. Nguyên nhân là do niềm tin rằng tâm lý con người tác động đến thị trường thì không nhất quán với quan điểm truyền thống cho rằng các áp lực thị trường sẽ đưa đến sự hiệu quả. Mặc dù vậy, nếu tâm lý con người có thể dẫn đến những hành vi cá nhân không tối ưu và những lệch lạc này đôi khi có tương quan với nhau, và tồn tại những giới hạn đối với kinh doanh chênh lệch giá thì với những giới hạn này, quan điểm truyền thống về thị trường có thể chưa đầy đủ.\r\n\r\n \r\n\r\nGần đây, tài chính hành vi đã có những bước tiến vượt bậc trong việc cung cấp những hiểu biết về hành vi của những nhà quản lý. Với những gì chúng ta đã biết về tâm lý của nhà đầu tư, sẽ là ngạc nhiên nếu các yếu tố tâm lý không đóng một vai trò nào đó trong các quyết định quản trị. Một mặt, liệu các nhà quản lý có thể xem xét những thông tin liên quan đến tâm lý nhẳm nỗ lực cải thiện thành quả các nhân hay không? Mặt khác, những nhà quản lý, vốn dĩ là những con người, có bị tác động bởi những lệch lạc hành vi của chính mình hay không?', ' Kinh tế Tp.Hcm', 0000, 236000, NULL, 1, NULL, NULL),
(35, 1105, 'SACH-THUE-KE-TOAN-THUE-2017.jpg', 'THUẾ VÀ KẾ TOÁN THUẾ TRONG DOANH NGHIỆP NHỎ VÀ VỪA', ' Nhiều Tác Giả', 'Ngân sách nhà nước được hình thành chủ yếu từ các khoản đóng góp của Thuế từ phía các doanh nghiệp nói chung trong đó có số lượng hùng hậu các doanh nghiệp nhỏ và vừa . Trách nhiệm từ phía các doanh nghiệp (người nộp thuế) là tính đúng, tính đủ và thanh toán kịp thời các khoản nghĩa vụ phải nộp với nhà nước. Với thiên hướng hòa nhập với thông lệ phổ biến của quốc tế về thuế, Việt Nam đã và đang dần hoàn thiện khung pháp lý về hệ thống thuế.', ' Nhà Xuất Bản Tài Chính', 0000, 215000, 125000, 0, NULL, NULL),
(36, 1105, 'Sach-Thue-Ke-Toan-Thue-Viet-nam-Ly-THuyet-Thuc-hanh.jpg', 'THUẾ VÀ KẾ TOÁN THUẾ VIỆT NAM - LÝ THUYẾT VÀ THỰC HÀNH ', 'TS. Phạm Đức Cường-TS. Trần Mạnh Dũng-Cử Nhân Phạm Hồng Quân', 'Ngân sách nhà nước được hình thành chủ yếu từ các khoản đóng góp của thuế từ phía các đơn vị nộp thuế. Trách nhiệm từ phía các doanh nghiệp là đóng đúng, đóng đủ các khoản nghĩ vụ về thuế. Cũng như các nước trên thế giới, Việt Nam đã và đang dần hoàn thiện hệ thống thuế theo hướng hòa nhập với thông lệ quốc tế.\r\n \r\nCuốn sách “Thuế và kế toán thuế Việt Nam: Lý thuyết và Thực hành” được biên soạn bởi các giảng viên và những người hành nghề có nhiều kinh nghiệm cả về lý luận và thực tiễn về thuế và kế toán thuế. Cụ thể:\r\n \r\nTS. Phạm Đức Cường, Giám đốc Bạn Đào Tạo, Viện Kế toán - Kiểm toán, Trường đại học kinh tế quốc dân.\r\n \r\nTS. Trần Mạnh Dũng, Kiểm toán viên quốc gia – Phó Giám đốc Bạn Đào Tạo, Viện Kế toán - Kiểm toán, Trường đại học kinh tế quốc dân.\r\n \r\nCử Nhân Phạm Hồng Quân, Phó trưởng phòng tài chính chi nhánh Viettel TP Hồ Chí Minh, Tập đoàn Viễn Thông Quân Đội.\r\n \r\nNgoài việc giới thiệu những nội dung cơ bản nhất về các sắc luật thuế và kế toán thuế được cập nhật, nhóm tác giả đã cố gắng đưa ra nhiều ví dụ minh họa nhằm giúp cho các doanh nghiệp dễ dàng hơn trong việc áp dụng các sắc luật thuế.\r\n \r\nCuốn sách này được biên soạn trong điều kiện hệ thống thuế của Việt Nam đang có sự cải cách mạnh mẽ và đang trong quá trình Hội nhập sâu rộng với nền kinh tế quốc tế, trong đó có lĩnh vực thuế.\r\n \r\nNhóm tác giả cũng nhận được ý kiến chi sẻ, đóng góp từ phía các trường đại học trên địa bàn Hà Nội, Hội tư vấn thuế Việt Nam, Hội kế toán và kiểm toán Việt Nam, Tổng cục thuế, Bộ tài chính và các tổ chức quốc tế nơi mà các tác giả có thởi gian công tác tại The Word Bank, ADB.\r\n ', ' Nhà Xuất Bản Tài Chính', 0000, 168000, NULL, 1, NULL, NULL),
(37, 1105, 'giai-dap-218-tinh-huong-vuong-mac-ve-thue-va-hoa-don-chung-tu.jpg', 'GIẢI ĐÁP 218 TÌNH HUỐNG VƯỚNG MẮC VỀ THUẾ VÀ HÓA ĐƠN CHỨNG TỪ', 'Tổng Cục Thuế -Tạp Chí Thuế Nhà Nước', 'Trong năm 2015 để hoàn thiện chính sách thuế và tháo gỡ khó khăn cho doanh nghiệp, nhiều chính sách về thuế đã được sửa đổi, bổ sung theo chiều hướng giảm nhẹ nghĩa vụ nộp ngân sách cho doanh nghiệp, cá nhân kinh doanh. Tuy nhiên, trong quá trình thực hiện chính sách thuế hiện hành đã phát sinh nhiều vấn đề cần tiếp tục nghiên cứu để có hướng dẫn bổ sung.\r\n\r\n \r\n\r\nĐể giúp cơ quan thuế và người nộp thuế dễ dàng tra cứu, vận dụng từng sắc thuế vào thực tế hoạt động sản xuất kinh doanh, đồng thời kiểm tra giám sát việc thực hiện đúng chính sách thuế của Nhà nước, Tạp chí Thuế đã tập hợp các vướng mắc thông thường và giải đáp một số tình huống về thuế để biên soạn thành cuốn sách Giải đáp 218 tình huống vướng mắc về thuế và hóa đơn chứng từ phát sinh đến ngày 31/12/2015. Nội dung gồm:\r\n\r\n- Giải đáp 85 tình huống vướng mắc về thuế Giá trị gia tăng\r\n\r\n- Giải đáp 48 tình huống vướng mắc về thuế Thu nhập doanh nghiệp\r\n\r\n- Giải đáp 31 tình huống vướng mắc về thuế Thu nhập cá nhân\r\n\r\n- Giải đáp 34 tình huống vướng mắc về Hóa đơn chứng từ thuế\r\n\r\n- Giải đáp 20 tình huống vướng mắc về các khoản thu khác\r\n\r\n \r\n\r\nHy vọng cuốn sách sẽ là tài liệu hữu ích thiết thực cho các doanh nghiệp và những người quan tâm đến công tác thuế.', 'NXB Tài Chính', 0000, 150000, 110000, 0, NULL, NULL),
(38, 1105, 'Sach-Ke-Toan-Quan-Trị.jpg', 'KẾ TOÁN QUẢN TRỊ ', 'PGS. TS. PHẠM VĂN DƯỢC', 'Nền kinh tế Việt Nam hiện đang có những bước phát triển sâu rộng trong giai đoạn hội nhập với nền kinh tế thế giới đã chuyển từ nền kinh tế kế hoạch hóa sang nền kinh tế thị trường có sự điều tiết của Nhà nước. Trong xu thế đó, các doanh nghiệp đã và đang đứng trước những cơ hợi nhưng cũng phải đối mặt với những thách thức cho sự tồn tại và phát triển của mình.\r\n\r\n \r\n\r\nMuốn tồn tại và phát triển trong nền kinh tế có sự cạnh tranh gay gắt như hiện nay, các doanh nghiệp phải không ngừng nâng cao nội lực, khả năng cạnh tranh của chính mình. Để đạt được điều đó, các nhà quản trị cần đưa ra những quyết định quản lý một cách chính xác, nhanh chóng và phù hợp với thực tế, vì vậy, phương thức quản lý chỉ theo mệnh lệnh, giấy tờ không còn đủ và phù hợp nữa. Thay vào đó, các doanh nghiệp phải xây dựng trong tổ chức của mình một phương thức quản lý linh hoạt. Muốn vậy, phải có những công cụ quan trọng giúp đáp ứng được yêu cầu này.\r\n\r\n \r\n\r\nNhận thức được tầm quan trọng của kế toán quản trị trong công tác quản trị tổ chức, nhóm tác giả gồm PGS.TS Phạm Văn Dược - Trưởng khoa Kế toán - Kiểm toán- Trường Đại học kinh tế TP.HCM đã biên soạn cuốn sách Kế toán quản trị. Đây là cuốn sách được biên soạn dựa trên quá trình giảng dạy, nghiên cứu thực tế và tham khảo tài liệu của các tác giả cả trong lẫn ngoài nước. Đặc biệt, cuốn sách được cập nhật, bổ sung một số nội dung mang tính chất mở rộng và chuyên sâu.', ' NXB Lao Động', 0000, 114000, NULL, 0, NULL, NULL),
(39, 1105, 'Ly-thuyet-ke-toan-tai-chinh.jpg', 'LÝ THUYẾT VÀ THỰC HÀNH KẾ TOÁN TÀI CHÍNH', 'PGS. TS. Nguyễn Phú Giang – TS. Nguyễn Trúc Lê', 'Kế toán là nghệ thuật của các con số, là công cụ quản lý kinh tế vô cùng quan trọng của nền kinh tế quốc dân. Nền kinh tế phát triển cùng với sự phức tạp của nó đã làm kế toán phát triển theo để đáp ứng nhu cầu phản ánh toàn bộ các sự kiện, nghiệp vụ kinh tế phát sinh tại doanh nghiệp - một tế bào của xã hội. Cùng với sự hội nhập kinh tế quốc tế, sự hội nhập của chế độ kế toán Việt Nam với các chuẩn mực kế toán quốc tế đã đánh dấu một bước phát triển đáng kể của kế toán Việt Nam. Từ khi bắt đầu xây dựng các chuẩn mực kế toán Việt Nam năm 1998, cho đến nay Bộ tài chính đã cho ra đời 26 chuẩn mực kế toán.\r\n\r\n \r\n\r\nNhằm hệ thống hóa cho bạn đọc toàn bộ những kiến thức sau khi đã có sự sửa đổi của quyết định số 15 và thông tư 244, cuốn sách Lý thuyết và thực hành Kế toán tài chính đã trình bày tương đối đầy đủ những vấn đề về kế toán theo quy định của chế độ kế toán doanh nghiệp.', ' Đại Học Kinh Tế Quốc Dân', 0000, 148000, NULL, 1, NULL, NULL),
(40, 1105, 'ke-toan-ngan-hang-nguyen-phu-giang.jpg', 'KẾ TOÁN NGÂN HÀNG', 'PGS. TS. NGUYỄN PHÚ GIANG', 'Ngân hàng là tổ chức trung gian tài chính nên kế toán ngân hàng cũng phản ánh tình hình huy động vốn trong các thành phần kinh tế và dân cư, đồng thời sử dụng tiền đó để cho vay.\r\n\r\n \r\n\r\nKế toán ngân hàng có tính gió dịch và xử lý nghiệp vụ ngân hàng. Về cơ bản, kế toán ngân hàng tuân thủ những nguyên lý của kế toán nói chung. Hiện nay, Trong chương trình đào tạo của nhiều trường đại học đã đưa môn học Kế toán ngân hàng vào giảng dạy. Với mục đích cung cấp thêm nguồn tài liệu tham khảo cho giảng viên và sinh viên, nhóm tác giả đã biên soạn cuốn sách Kế toán ngân hàng trên cơ sở tổng hợp các quy định về chế độ kế toán cho các tổ chức tín dụng do Ngân hàng nhà nước ban hành và các quy định của chế độ kế toán hiện hành.\r\n\r\n ', 'Đại học Kinh tế Quốc dân', 0000, 168000, NULL, 0, NULL, NULL),
(41, 1105, '24797_31255.jpg', 'KẾ TOÁN DỊCH VỤ ', 'TS. NGUYỄN PHÚ GIANG', 'Dịch vụ có thể nói là một ngành đặc thù cả trong cách thức hoạt động và trong việc quản lý doanh nghiệp nói chung. Chính vì vậy, kế toán doanh nghiệp dịch vụ đòi hỏi có những yêu cầu, quy định riêng gắn với đặc điểm ngành nghề và sản phẩm.\r\n\r\n \r\n\r\nCuốn sách Kế toán dịch vụ do TS. Nguyễn Phú Giang biên soạn nhằm cung cấp cho bạn đọc kỹ năng cơ bản trong doanh nghiệp dịch vụ. Cuốn sách giới thiệu đến bạn đọc là những sinh viên trong các Trường Đại Học, các nhà nghiên cứu về kế toán, các cán bộ kế toán đang làm việc tại các doanh nghiệp dịch vụ. Cuốn sách đề cập đến kế toán trong hầu hết các loại hình dịch vụ hiện nay như vận tải, khách sạn, nhà hàng, hướng dẫn du lịch, sửa chữa, tư vấn, xây dựng cơ bản... Với phần lý thuyết căn bản cùng với các bài tập chắt lọc từ thực tế tại các doanh nghiệp dịch vụ, tác giả hy vọng sẽ đáp ứng phần nào nhu cầu tìm hiểu của người đọc.', 'NXB Tài Chính', 0000, 96000, NULL, 1, NULL, NULL),
(42, 1105, 'Sach-ke-toan-Hop-Nhat-kinh-doanh-Nguyen-Phu-Giang.jpg', 'KẾ TOÁN HỢP NHẤT KINH DOANH VÀ HỢP NHẤT BÁO CÁO TÀI CHÍNH', 'TS. NGUYỄN PHÚ GIANG', 'Hợp nhất doanh nghiệp là quá trình chuyển hai doanh nghiệp riêng biệt thành một thực thể kinh tế bằng cách một doanh nghiệp hợp nhất vào doanh nghiệp thứ hai hoặc nắm giữ quyền kiểm soát đối với tài sản thuần và các hoạt động doanh nghiệp thứ hai. Đây là một giao dịch rất phức tạp đòi hỏi phải hạch toán và phản ánh được giá trị tài sản thuần của tập đoàn sau khi hợp nhất và lợi ích ích cổ đông thiểu số nếu có.\r\n\r\n \r\n\r\nCuốn sách Kế toán hợp nhất kinh doanh và hợp nhất báo cáo tài chính do TS. Nguyễn Phú Giang biên soạn nhằm cung cấp cho bạn đọc những kỹ năng kế toán cơ bản về hợp nhất kinh doanh và hợp nhất Báo cáo tài chính.', ' Nhà Xuất Bản Tài Chính', 0000, 118000, 99000, 0, NULL, NULL),
(43, 1105, 'Sach-Che-Do-Ke-Toan-doanh-nghiep-nho-va-vua.jpg', 'CHẾ ĐỘ KẾ TOÁN DOANH NGHIỆP NHỎ VÀ VỪA ', 'BỘ TÀI CHÍNH', 'Nhằm giúp các doanh nghiệp nhỏ và vừa hạch toán các nghiệp vụ kinh tế phát sinh hàng ngày theo đúng chế độ, Nhà xuất bản Đại học Kinh tế quốc dân đã phối hợp với Bộ Tài chính cho phát hành cuốn sách Chế độ Kế toán doanh nghiệp nhỏ và vừa (Theo QĐ 48/2006/QĐ-BTC và Thông tư số 138/2011/TT-BTC).\r\n\r\n \r\n\r\nCuốn sách Chế độ kế toán này áp dụng cho các doanh nghiệp nhỏ và vừa áp dụng cho tất cả các doanh nghiệp có quy mô nhỏ và vừa thuộc mọi lĩnh vực, mọi thành phần kinh tế trong cả nước là công ty TNHH, công ty cỏ phẩn, công ty hợp danh, doanh nghiệp tư nhân… rất thuận tiện cho việc tra cứu và thực hiện, phù hợp với đặc điểm kinh tế, yêu cầu và trình độ quản lý của các doanh nghiệp nhỏ và vừa ở Việt Nam.', 'Đại Học Kinh Tế Quóc Dân', 0000, 199000, NULL, 0, NULL, NULL),
(44, 1105, '149635_p4944mbt.jpg', 'NGUYÊN TẮC KẾ TOÁN SONG NGỮ VIỆT - ANH', ' Nhiều tác giả ', 'Quyển sách Nguyên tắc Kế toán song ngữ Việt - Anh được viết bởi các chuyên gia Kế toán Quốc tế và được dịch bởi các chuyên gia Kế toán Việt Nam, là một trong những quyển sách đã được các chuyên gia Kế toán Việt Nam tham khảo trong quá trình nghiên cứu và dự thảo chế độ Kế toán Việt Nam, trong lộ trình hòa nhập với thực tiễn Kế toán quốc tế.\r\n\r\n \r\n\r\nQuyển sách bao gồm các kiến thức cơ bản và toàn diện về các Nguyên tắc Kế toán giúp bạn đọc thú vị trong nghiên cứu và sử dụng Kế toán ở các cấp độ khác nhau, được viết một cách chính xác, cô đọng, hệ thống hóa, với nhiều ví dụ và bài tập minh họa, các phương pháp và thuật ngữ Kế toán Anh Việt được trình bày chính xác.\r\n\r\n \r\n\r\nBản dịch bảo toàn đặc điểm chính xác, độc đáo của quyển sách, văn phong của nguyên bản Anh ngữ, sử dụng các thuật ngữ Kế toán Việt Nam mới nhất và nhất quán, giúp bạn đọc thuận lợi trong tham khảo và nghiên cứu.', 'NXB Hồng Đức', 0000, 125000, NULL, 1, NULL, NULL),
(45, 1106, 'tung-canh-tu-do-thomas-jdelong-1481092939-016063-669de96c1777f22a03f0906746978d5b-product.jpg', 'TUNG CÁNH TỰ DO - BIẾN SỢ HÃI THÀNH NĂNG LƯỢNG THÀNH CÔNG', 'THOMAS J. DELONG', 'Phải đối mặt thương xuyên trước nguy cơ mất việc và những thay đổi phức tạp, ngày cả người sáng giá nhất cũng lo ngại. Phản ứng lại, chúng ta có thể thu mình và tự cản trở mình đón nhận thách thức mới. Nhưng thực tế phản ứng này làm hại hơn là bảo vệ chúng ta – và tổ chức. Điều chúng ta phải làm , bất chấp sợ hãi, rào cản, là chọn lựa trở nên dễ tổn thương hơn bằng cách phạm sai lầm khi học hỏi điều mới.\r\n\r\nTrong cuốn sách “Tung cánh tự do” Giáo sư Thomas DeLong tại trường kinh doanh Havard, giải thích cách tích lũy sức mạnh từ tổn thương. Bước đầu tiên là tìm hiểu các yếu tố gây áp lực làm tăng thêm lo lắng trong lòng người thành đạt và gây ra hành vi phản tác dụng. Thứ hai, chúng ta phải tiếp thu cách làm cho chúng ta đủ can đảm “làm không tốt điều đáng làm” trước khi chúng ta có thể “làm tốt điều đáng làm”\r\n\r\n \r\n\r\nDựa vào những nghiên cứu nghiêm túc và quá trình công tác tư vấn, DeLong đã trình bày: Nguyên nhân nỗi lo sợ của người thành đạt: lo sợ sai lầm, thiếu ý nghĩa mục đích, và khao khát kết nối con người.; Hành vi gây hại mà chúng ta áp dụng để trốn thoát lo ngại: bận rộn, so sánh bản thân với người khác, và đổ lỗi cho người khác về bực dọc của mình.; Hành vi chúng ta cần thể hiện để tích lũy sức mạnh từ tổn thương: Bỏ lại quá khứ sau lưng và tìm kiếm phản hồi trung thực.\r\n\r\n \r\n\r\nVới những lời khuyên thiết thực và những câu chuyện truyền cảm hứng, Tung cánh tự do là một nguồn lực quý giá dành cho nhà lãnh đạo mong muốn vươn lên trong thời đại lo lắng hiện nay.\r\n\r\n \r\n\r\nNHỮNG NHẬN XÉT DÀNH CHO CUỐN SÁCH:\r\n\r\n \r\n\r\n“Tom DeLong trình bày thách thức lớn nhất mà các nhà lãnh đạo phải đối diện hàng ngày: Chúng ta phải làm gì để giúp cho bản thân và những người khác thay đổi thói quen và hành vi đang cản trở chúng ta không đạt được điều phi thường? Quyển sách này đưa ra những kết luận là thường nhưng cực kỳ hiệu quả dành cho bất cứ ai nghiêm túc trong việc nâng cao kỹ năng lãnh đạo của mình” VIKRAM PANDIT, CEO, Citigroup, Inc\r\n\r\n \r\n\r\n“Bạn đang cố gắng đạt kết quả cao nhất, nhưng lại không an tâm với sự nghiệp của mình? Tung cánh tự do sẽ giúp bạn khai thác tài năng và điều khiển vận mệnh của mình. Nó mang đến cho bạn lời khuyên về cách thức thay đổi, vượt qua nỗi sợ ấn náu trong người bạn, và có một cuộc đời ý nghĩa hơn” Daniel Vasella, Chủ tịch, Vovartic AG', 'KHXH', 0000, 120000, 99000, 0, NULL, NULL),
(46, 1106, 'cam_nang_viec_lam_bi_quyet_tim_viec_thanh_cong_trong_boi_canh_hoi_nhap.jpg', 'CẨM NANG LÀM VIỆC - BÍ QUYẾT TÌM VIỆC THÀNH CÔNG TRONG BỐI CẢNH HỘI NHẬP', ' Nhiều tác giả', 'Hằng năm, Việt Nam đón nhận khoảng một trăm nghìn sinh viên tôt nghiệp từ các nghành nghề khác nhau, chủ yếu vẫn là từ các ngành học thuộc khối kinh doanh và kinh tế. Trong khi các doanh nghiêp khối tư nhân, kể cả các công ty nước ngoài kêu than không ngừng về việc thiếu hụt nhân lực thì lự lượng lao động trẻ thất nghiệp vẫn chiếm gần 50% trên tổng số người thất nghiệp của cả nước. “nghịc cảnh” trên là một thực tế nhức nhối đã làm tốn biết bao bút mực tìm lời giải của các cơ quan, ban ngành hữu quan.\r\n\r\n \r\n\r\nNgoài nguyên nhân khách quan, có một nguyên nhân chủ quan dẫn đến tình trạng trên đó là định hướng nghề nghiệp chưa tốt, tính chủ động và kỹ năng tìm kiếm việc làm của sinh viên chúng ta chưa cao.\r\n\r\n \r\n\r\nVì thế, với kinh nghiệm hơn 20 năm làm việc trong thị trường lao động Việt Nam, chúng tôi mong muốn cung cấp cho các bạn trẻ, đặc biệt là cho các bạn sinh viên một cái nhìn tổng quan về thị trường lao động Việt Nam - những xu hướng tương lai, những kỹ năng cần thiết đối với từng công việc cụ thể.\r\n\r\n \r\n\r\nĐặc biệt là về nhưng công việc và các ngành nghề mang tính phổ biến, chủ yếu sử dụng lao động có trình độ lao động cao đẳng, đại học. Đồng thời qua cuốn sách này, chúng tôi hy vọng có thể giúp các bạn trẻ có những định hướng nghề nghiệp tốt hơn dựa trên chính năng lực cá nhân song hành với các xu hướng mới của nền kinh tế trong và ngoài nước, giúp các bạn chủ động hơn trong việc tìm hiểu nhu cầu của doanh nghiệp và tự trang bị hành trang vào đời cho bản thân.\r\n\r\n ', 'Thanh Niên', 0000, 79000, NULL, 1, NULL, NULL),
(47, 1101, 'chinh_phuc_dinh_cao.jpg', '4 BƯỚC CHINH PHỤC ĐỈNH CAO - CHIẾN LƯỢC THÀNH CÔNG CHO SẢN PHẨM THÀNH DANH', 'Steve Blank', 'HÀNH TRÌNH CỦA NGƯỜI HÙNG\r\nKhoảng chục năm trở lại đây, khi mà những cái tên như Google, Facebook, Amazon..', 'NXB Thời Đại', 2010, 165000, 99000, 0, NULL, '2017-10-30 02:43:11'),
(48, 1101, 'con-nguoi-trong-the-gioi-tinh-than.jpg', 'CON NGƯỜI TRONG THẾ GIỚI TINH THẦN - TRẢI NGHIỆM TRIẾT HỌC CÁ BIỆT LUẬN', 'N. A. Berdyaev', 'N. A. Berdyaev  định hướng triết học của mình là triết học hiện sinh cá biệt luận', 'NXB Tri Thức', 2010, 110000, 99000, 1, NULL, '2017-10-30 02:41:22'),
(49, 1101, '1461326632_Bia_Don-dau-xu-the-01-400x600.jpg', 'ĐÓN ĐẦU XU HƯỚNG', 'ROHIT BHARGAVA', 'Đón đầu xu hướng thu thập ý tưởng theo cách những người hay đi máy bay tích lũy số dặm bay', 'Lao động', 2016, 86000, 0, 0, NULL, '2017-10-30 02:40:55');

-- --------------------------------------------------------

--
-- Table structure for table `chitiethd`
--

CREATE TABLE `chitiethd` (
  `id` int(10) UNSIGNED NOT NULL,
  `id_hd` int(10) UNSIGNED NOT NULL,
  `id_book` int(14) UNSIGNED NOT NULL,
  `soluong` int(10) NOT NULL,
  `dongia` double NOT NULL,
  `updated_at` timestamp NULL DEFAULT current_timestamp(),
  `created_at` timestamp NULL DEFAULT current_timestamp() ON UPDATE current_timestamp()
) ENGINE=InnoDB DEFAULT CHARSET=utf8 COLLATE=utf8_unicode_ci;

-- --------------------------------------------------------

--
-- Table structure for table `danhmuc`
--

CREATE TABLE `danhmuc` (
  `id` int(10) UNSIGNED NOT NULL,
  `tendm` varchar(255) COLLATE utf8_unicode_ci NOT NULL,
  `updated_at` timestamp NULL DEFAULT NULL,
  `created_at` timestamp NULL DEFAULT NULL
) ENGINE=InnoDB DEFAULT CHARSET=utf8 COLLATE=utf8_unicode_ci;

--
-- Dumping data for table `danhmuc`
--

INSERT INTO `danhmuc` (`id`, `tendm`, `updated_at`, `created_at`) VALUES
(1101, 'Sách Kinh Tế', '2017-10-26 09:56:11', NULL),
(1102, 'Sách Kinh Doanh', NULL, NULL),
(1103, 'Sách Marketing', NULL, NULL),
(1104, 'Sách Tài Chính', NULL, NULL),
(1105, 'Sách Kế Toán ', NULL, NULL),
(1106, 'Sách Phát Triển Bản Thân', NULL, NULL);

-- --------------------------------------------------------

--
-- Table structure for table `hoadon`
--

CREATE TABLE `hoadon` (
  `id` int(10) UNSIGNED NOT NULL,
  `id_kh` int(10) UNSIGNED DEFAULT NULL,
  `ngaydat` date DEFAULT NULL,
  `tongtien` float DEFAULT NULL COMMENT 'tổng tiền',
  `payment` varchar(255) COLLATE utf8_unicode_ci DEFAULT NULL COMMENT 'Hình thức thanh toán',
  `created_at` timestamp NULL DEFAULT current_timestamp() ON UPDATE current_timestamp(),
  `updated_at` timestamp NULL DEFAULT current_timestamp()
) ENGINE=InnoDB DEFAULT CHARSET=utf8 COLLATE=utf8_unicode_ci;

--
-- Dumping data for table `hoadon`
--

INSERT INTO `hoadon` (`id`, `id_kh`, `ngaydat`, `tongtien`, `payment`, `created_at`, `updated_at`) VALUES
(5, 5, '2022-11-04', 100000, 'Visa', '2022-11-04 10:46:46', '2022-11-04 10:46:46');

-- --------------------------------------------------------

--
-- Table structure for table `khachhang`
--

CREATE TABLE `khachhang` (
  `id` int(10) UNSIGNED NOT NULL,
  `full_name` varchar(255) COLLATE utf8_unicode_ci NOT NULL,
  `gioitinh` varchar(10) COLLATE utf8_unicode_ci NOT NULL,
  `email` varchar(255) COLLATE utf8_unicode_ci NOT NULL,
  `diachi` varchar(255) COLLATE utf8_unicode_ci NOT NULL,
  `phone` varchar(20) COLLATE utf8_unicode_ci NOT NULL,
  `created_at` timestamp NOT NULL DEFAULT current_timestamp() ON UPDATE current_timestamp(),
  `updated_at` timestamp NOT NULL DEFAULT current_timestamp(),
  `ghichu` text COLLATE utf8_unicode_ci NOT NULL
) ENGINE=InnoDB DEFAULT CHARSET=utf8 COLLATE=utf8_unicode_ci;

--
-- Dumping data for table `khachhang`
--

INSERT INTO `khachhang` (`id`, `full_name`, `gioitinh`, `email`, `diachi`, `phone`, `created_at`, `updated_at`, `ghichu`) VALUES
(5, 'Phan Thanh An', 'Nam', 'thanhanphan17@gmail.com', 'Tran Hung Dao, P1 Cau Ong Lanh, Q1, TPHCM', '0123456789', '2022-11-04 10:46:31', '2022-11-04 10:46:31', 'Không có ghi chú');

-- --------------------------------------------------------

--
-- Table structure for table `slideqc`
--

CREATE TABLE `slideqc` (
  `id` int(10) NOT NULL,
  `link` varchar(255) CHARACTER SET utf8 DEFAULT NULL,
  `image` varchar(255) CHARACTER SET utf8 NOT NULL,
  `created_at` timestamp NULL DEFAULT current_timestamp() ON UPDATE current_timestamp(),
  `updated_at` timestamp NULL DEFAULT current_timestamp()
) ENGINE=InnoDB DEFAULT CHARSET=utf8 COLLATE=utf8_unicode_ci;

--
-- Dumping data for table `slideqc`
--

INSERT INTO `slideqc` (`id`, `link`, `image`, `created_at`, `updated_at`) VALUES
(11, NULL, 'GNH4_9fb7edf5a0395c3ad377051d210f7d1a75f5a8571.jpg', '2022-11-04 10:01:30', '2022-11-04 10:01:30'),
(12, NULL, 'qxDL_1.png', '2022-11-04 10:30:33', '2022-11-04 10:30:33');

-- --------------------------------------------------------

--
-- Table structure for table `users`
--

CREATE TABLE `users` (
  `id` int(10) UNSIGNED NOT NULL,
  `name` varchar(255) COLLATE utf8_unicode_ci NOT NULL,
  `email` varchar(255) COLLATE utf8_unicode_ci NOT NULL,
  `password` varchar(255) COLLATE utf8_unicode_ci NOT NULL,
  `phone` varchar(20) COLLATE utf8_unicode_ci DEFAULT NULL,
  `diachi` varchar(255) COLLATE utf8_unicode_ci DEFAULT NULL,
  `quyen` int(11) NOT NULL DEFAULT 0,
  `created_at` timestamp NULL DEFAULT NULL,
  `updated_at` timestamp NULL DEFAULT NULL,
  `remember_token` varchar(100) COLLATE utf8_unicode_ci DEFAULT NULL
) ENGINE=InnoDB DEFAULT CHARSET=utf8 COLLATE=utf8_unicode_ci;

--
-- Dumping data for table `users`
--

INSERT INTO `users` (`id`, `name`, `email`, `password`, `phone`, `diachi`, `quyen`, `created_at`, `updated_at`, `remember_token`) VALUES
(11, 'admin', 'admin@admin.com', '$2y$10$S7LtAK7NRtkqZoK/0ldkXeDRwFChCVYduj2B/VK0e98FoHZTFpxAC', '0123456789', 'Ho Chi Minh', 1, '2017-12-18 05:52:57', '2022-11-04 09:31:21', 'RH75mq0ywLrgwLHkHNQOM6i9d2XD8vT4nmHfyFsxH8qA5dXkREEvRIGVjUlD'),
(12, 'Phan Thanh An', 'thanhanphan17@gmail.com', '$2y$10$s6RKp0ZnAOBnuA91hMuZL.C.v4oSH2jNO8A2EPuq/GpfosE1Bj.vK', '0123456789', 'Tran Hung Dao, P1 Cau Ong Lanh, Q1, TPHCM', 0, '2022-11-04 10:38:37', '2022-11-04 10:38:37', NULL);

--
-- Indexes for dumped tables
--

--
-- Indexes for table `book`
--
ALTER TABLE `book`
  ADD PRIMARY KEY (`id`),
  ADD KEY `madm` (`id_madm`);

--
-- Indexes for table `chitiethd`
--
ALTER TABLE `chitiethd`
  ADD PRIMARY KEY (`id`),
  ADD KEY `id_book` (`id_book`),
  ADD KEY `id_hd` (`id_hd`);

--
-- Indexes for table `danhmuc`
--
ALTER TABLE `danhmuc`
  ADD PRIMARY KEY (`id`);

--
-- Indexes for table `hoadon`
--
ALTER TABLE `hoadon`
  ADD PRIMARY KEY (`id`),
  ADD KEY `id_kh` (`id_kh`);

--
-- Indexes for table `khachhang`
--
ALTER TABLE `khachhang`
  ADD PRIMARY KEY (`id`);

--
-- Indexes for table `slideqc`
--
ALTER TABLE `slideqc`
  ADD PRIMARY KEY (`id`);

--
-- Indexes for table `users`
--
ALTER TABLE `users`
  ADD PRIMARY KEY (`id`),
  ADD KEY `email` (`email`);

--
-- AUTO_INCREMENT for dumped tables
--

--
-- AUTO_INCREMENT for table `book`
--
ALTER TABLE `book`
  MODIFY `id` int(14) UNSIGNED NOT NULL AUTO_INCREMENT, AUTO_INCREMENT=50;

--
-- AUTO_INCREMENT for table `chitiethd`
--
ALTER TABLE `chitiethd`
  MODIFY `id` int(10) UNSIGNED NOT NULL AUTO_INCREMENT, AUTO_INCREMENT=5;

--
-- AUTO_INCREMENT for table `danhmuc`
--
ALTER TABLE `danhmuc`
  MODIFY `id` int(10) UNSIGNED NOT NULL AUTO_INCREMENT, AUTO_INCREMENT=1107;

--
-- AUTO_INCREMENT for table `hoadon`
--
ALTER TABLE `hoadon`
  MODIFY `id` int(10) UNSIGNED NOT NULL AUTO_INCREMENT, AUTO_INCREMENT=6;

--
-- AUTO_INCREMENT for table `khachhang`
--
ALTER TABLE `khachhang`
  MODIFY `id` int(10) UNSIGNED NOT NULL AUTO_INCREMENT, AUTO_INCREMENT=6;

--
-- AUTO_INCREMENT for table `slideqc`
--
ALTER TABLE `slideqc`
  MODIFY `id` int(10) NOT NULL AUTO_INCREMENT, AUTO_INCREMENT=13;

--
-- AUTO_INCREMENT for table `users`
--
ALTER TABLE `users`
  MODIFY `id` int(10) UNSIGNED NOT NULL AUTO_INCREMENT, AUTO_INCREMENT=13;

--
-- Constraints for dumped tables
--

--
-- Constraints for table `book`
--
ALTER TABLE `book`
  ADD CONSTRAINT `book_ibfk_1` FOREIGN KEY (`id_madm`) REFERENCES `danhmuc` (`id`) ON DELETE SET NULL ON UPDATE CASCADE;

--
-- Constraints for table `chitiethd`
--
ALTER TABLE `chitiethd`
  ADD CONSTRAINT `chitiethd_ibfk_1` FOREIGN KEY (`id_book`) REFERENCES `book` (`id`) ON DELETE NO ACTION ON UPDATE CASCADE,
  ADD CONSTRAINT `chitiethd_ibfk_2` FOREIGN KEY (`id_hd`) REFERENCES `hoadon` (`id`) ON DELETE CASCADE ON UPDATE CASCADE;

--
-- Constraints for table `hoadon`
--
ALTER TABLE `hoadon`
  ADD CONSTRAINT `hoadon_ibfk_1` FOREIGN KEY (`id_kh`) REFERENCES `khachhang` (`id`) ON DELETE CASCADE ON UPDATE CASCADE;
COMMIT;

/*!40101 SET CHARACTER_SET_CLIENT=@OLD_CHARACTER_SET_CLIENT */;
/*!40101 SET CHARACTER_SET_RESULTS=@OLD_CHARACTER_SET_RESULTS */;
/*!40101 SET COLLATION_CONNECTION=@OLD_COLLATION_CONNECTION */;
